city,date,tavg,tmin,tmax,prcp,snow,wdir,wspd,wpgt,pres,tsun
New York City,2020-01-01,3.6,1.7,5.0,0.0,0.0,264.0,17.3,NULL,1008.2,NULL
New York City,2020-01-02,4.7,0.6,8.9,0.0,0.0,218.0,12.4,NULL,1013.9,NULL
New York City,2020-01-03,7.6,6.7,8.3,2.8,0.0,257.0,8.4,NULL,1010.2,NULL
New York City,2020-01-04,8.2,6.7,9.4,5.3,0.0,325.0,5.7,NULL,1003.7,NULL
New York City,2020-01-05,4.6,2.8,7.2,0.0,0.0,300.0,8.2,NULL,1010.1,NULL
New York City,2020-01-06,4.0,0.6,7.2,0.8,30.0,256.0,15.9,NULL,1015.3,NULL
New York City,2020-01-07,4.7,3.3,6.7,0.0,0.0,286.0,10.4,NULL,1016.2,NULL
New York City,2020-01-08,2.6,-0.6,6.7,0.0,0.0,269.0,13.4,NULL,1016.6,NULL
New York City,2020-01-09,-0.6,-3.3,2.2,0.0,0.0,300.0,9.1,NULL,1038.8,NULL
New York City,2020-01-10,6.4,1.1,11.7,0.0,0.0,265.0,14.5,NULL,1034.5,NULL
New York City,2020-01-11,14.6,11.1,18.3,0.0,0.0,192.0,13.3,NULL,1023.3,NULL
New York City,2020-01-12,15.7,9.4,19.4,1.0,0.0,247.0,15.5,NULL,1018.1,NULL
New York City,2020-01-13,6.1,1.7,7.8,0.0,0.0,13.0,10.4,NULL,1029.0,NULL
New York City,2020-01-14,6.3,5.0,7.8,0.5,0.0,38.0,9.9,NULL,1025.3,NULL
New York City,2020-01-15,8.2,6.1,11.7,0.0,0.0,286.0,9.0,NULL,1020.9,NULL
New York City,2020-01-16,6.7,2.2,10.0,1.3,0.0,274.0,10.6,NULL,1015.1,NULL
New York City,2020-01-17,-1.2,-3.9,2.2,0.0,0.0,321.0,8.8,NULL,1034.7,NULL
New York City,2020-01-18,-2.2,-5.0,2.8,7.9,0.0,213.0,10.2,NULL,1028.5,NULL
New York City,2020-01-19,4.0,0.6,7.2,0.0,0.0,269.0,10.2,NULL,1008.9,NULL
New York City,2020-01-20,-1.7,-5.0,2.8,0.0,0.0,328.0,9.1,NULL,1024.2,NULL
New York City,2020-01-21,-1.5,-4.4,3.3,0.0,0.0,324.0,8.9,NULL,1030.8,NULL
New York City,2020-01-22,1.0,-2.2,5.6,0.0,0.0,286.0,8.1,NULL,1031.3,NULL
New York City,2020-01-23,3.5,0.0,7.2,0.0,0.0,264.0,7.5,NULL,1029.4,NULL
New York City,2020-01-24,6.5,3.3,11.7,0.0,0.0,32.0,10.6,NULL,1027.4,NULL
New York City,2020-01-25,6.6,4.4,10.0,22.4,0.0,23.0,22.9,NULL,1014.5,NULL
New York City,2020-01-26,5.5,3.3,8.9,0.0,0.0,260.0,14.9,NULL,1009.3,NULL
New York City,2020-01-27,5.1,3.3,8.3,0.0,0.0,257.0,14.7,NULL,1006.6,NULL
New York City,2020-01-28,4.9,3.9,7.2,0.0,0.0,306.0,6.3,NULL,1010.2,NULL
New York City,2020-01-29,3.5,1.1,7.2,0.0,0.0,338.0,7.8,NULL,1018.2,NULL
New York City,2020-01-30,1.3,-1.7,4.4,0.0,0.0,26.0,10.7,NULL,1026.3,NULL
New York City,2020-01-31,4.3,2.2,6.1,0.5,0.0,43.0,7.5,NULL,1026.0,NULL
New York City,2020-02-01,4.8,3.9,6.1,0.0,0.0,272.0,8.7,NULL,1013.5,NULL
New York City,2020-02-02,3.9,2.2,6.1,2.3,0.0,252.0,12.7,NULL,1002.2,NULL
New York City,2020-02-03,8.0,2.8,13.9,0.0,0.0,247.0,10.8,NULL,1009.1,NULL
New York City,2020-02-04,9.5,6.1,13.9,0.0,0.0,326.0,7.3,NULL,1009.4,NULL
New York City,2020-02-05,6.0,4.4,10.6,0.5,0.0,5.0,10.0,NULL,1015.5,NULL
New York City,2020-02-06,4.7,3.3,5.6,15.7,0.0,41.0,17.9,NULL,1003.7,NULL
New York City,2020-02-07,5.5,1.7,12.2,7.1,0.0,326.0,20.6,NULL,991.2,NULL
New York City,2020-02-08,2.6,0.0,6.1,0.0,0.0,264.0,14.2,NULL,1020.5,NULL
New York City,2020-02-09,4.1,1.1,7.2,0.0,0.0,30.0,14.0,NULL,1031.5,NULL
New York City,2020-02-10,6.4,5.6,7.8,8.9,0.0,243.0,13.6,NULL,1022.3,NULL
New York City,2020-02-11,7.6,6.1,9.4,7.4,0.0,345.0,4.7,NULL,1013.8,NULL
New York City,2020-02-12,5.9,4.4,8.3,4.8,0.0,261.0,9.0,NULL,1020.3,NULL
New York City,2020-02-13,4.7,2.8,6.1,6.9,0.0,310.0,6.4,NULL,1007.8,NULL
New York City,2020-02-14,0.8,-5.6,4.4,0.0,0.0,310.0,9.6,NULL,1024.9,NULL
New York City,2020-02-15,-3.4,-7.2,0.0,0.0,0.0,285.0,11.9,NULL,1035.1,NULL
New York City,2020-02-16,2.9,-1.1,7.8,0.0,0.0,256.0,12.1,NULL,1022.5,NULL
New York City,2020-02-17,6.9,3.9,11.1,0.0,0.0,356.0,8.7,NULL,1024.2,NULL
New York City,2020-02-18,6.1,3.9,8.9,0.0,0.0,44.0,15.8,NULL,1022.8,NULL
New York City,2020-02-19,7.1,2.2,11.1,0.0,0.0,310.0,7.4,NULL,1023.0,NULL
New York City,2020-02-20,1.0,-1.7,2.8,0.0,0.0,313.0,9.4,NULL,1030.8,NULL
New York City,2020-02-21,-0.6,-3.9,3.3,0.0,0.0,310.0,12.4,NULL,1031.4,NULL
New York City,2020-02-22,4.4,-0.6,10.6,0.0,0.0,259.0,17.4,NULL,1024.6,NULL
New York City,2020-02-23,7.6,2.2,13.9,0.0,0.0,233.0,10.6,NULL,1021.8,NULL
New York City,2020-02-24,8.7,4.4,16.7,0.0,0.0,270.0,6.6,NULL,1017.0,NULL
New York City,2020-02-25,8.5,7.2,9.4,4.1,0.0,311.0,6.3,NULL,1012.2,NULL
New York City,2020-02-26,7.8,7.2,8.3,0.3,0.0,49.0,14.9,NULL,1012.0,NULL
New York City,2020-02-27,4.9,0.6,7.2,8.1,0.0,280.0,28.9,NULL,1001.2,NULL
New York City,2020-02-28,2.1,-1.1,5.6,0.0,0.0,262.0,28.0,NULL,1010.7,NULL
New York City,2020-02-29,0.4,-1.7,3.3,0.0,0.0,283.0,12.5,NULL,1012.8,NULL
New York City,2020-03-01,2.4,-2.8,8.9,0.0,0.0,273.0,10.2,NULL,1020.5,NULL
New York City,2020-03-02,9.1,3.9,14.4,0.0,0.0,184.0,10.4,NULL,1015.0,NULL
New York City,2020-03-03,10.9,8.9,13.3,6.1,0.0,194.0,9.6,NULL,1004.3,NULL
New York City,2020-03-04,10.2,7.2,13.9,0.0,0.0,266.0,19.5,NULL,1007.3,NULL
New York City,2020-03-05,7.6,4.4,12.2,0.0,0.0,307.0,7.9,NULL,1018.8,NULL
New York City,2020-03-06,5.5,3.9,7.8,9.1,0.0,30.0,13.1,NULL,1012.8,NULL
New York City,2020-03-07,5.9,3.3,11.1,0.0,0.0,330.0,7.8,NULL,1021.9,NULL
New York City,2020-03-08,8.0,2.2,15.0,0.0,0.0,246.0,13.6,NULL,1030.0,NULL
New York City,2020-03-09,13.4,6.7,21.7,0.0,0.0,264.0,15.1,NULL,1027.1,NULL
New York City,2020-03-10,14.5,11.1,17.2,0.0,0.0,267.0,17.5,NULL,1018.5,NULL
New York City,2020-03-11,10.8,7.0,14.4,0.0,0.0,3.0,11.2,NULL,1018.4,NULL
New York City,2020-03-12,8.2,6.7,8.9,0.3,0.0,43.0,11.1,NULL,1020.7,NULL
New York City,2020-03-13,13.1,8.9,20.6,7.4,0.0,224.0,21.2,NULL,1012.0,NULL
New York City,2020-03-14,10.1,7.0,15.0,0.0,0.0,305.0,21.2,NULL,1025.2,NULL
New York City,2020-03-15,9.1,6.7,13.9,0.0,0.0,5.0,8.7,NULL,1030.5,NULL
New York City,2020-03-16,5.2,1.7,7.8,0.0,0.0,65.0,17.9,NULL,1034.6,NULL
New York City,2020-03-17,8.3,5.6,11.7,5.6,0.0,203.0,10.4,NULL,1023.2,NULL
New York City,2020-03-18,8.8,6.1,12.2,0.0,0.0,162.0,8.3,NULL,1030.6,NULL
New York City,2020-03-19,8.3,6.1,10.6,28.4,0.0,34.0,14.3,NULL,1024.8,NULL
New York City,2020-03-20,13.6,8.3,22.8,0.0,0.0,268.0,9.4,NULL,1014.8,NULL
New York City,2020-03-21,10.6,6.7,18.9,0.0,0.0,348.0,10.2,NULL,1024.1,NULL
New York City,2020-03-22,5.0,2.2,8.3,0.0,0.0,58.0,19.6,NULL,1036.7,NULL
New York City,2020-03-23,4.3,3.9,5.6,28.7,0.0,46.0,21.4,NULL,1026.9,NULL
New York City,2020-03-24,8.1,3.3,14.4,0.0,0.0,343.0,8.8,NULL,1019.5,NULL
New York City,2020-03-25,6.5,5.6,7.2,0.3,0.0,38.0,21.1,NULL,1018.6,NULL
New York City,2020-03-26,8.7,4.4,15.6,0.0,0.0,57.0,9.6,NULL,1015.8,NULL
New York City,2020-03-27,14.2,10.0,21.1,0.0,0.0,289.0,6.9,NULL,1011.2,NULL
New York City,2020-03-28,9.5,7.8,12.8,5.8,0.0,41.0,18.7,NULL,1018.9,NULL
New York City,2020-03-29,7.9,7.2,8.3,0.3,0.0,30.0,25.2,NULL,1014.1,NULL
New York City,2020-03-30,8.4,6.7,10.0,2.8,0.0,60.0,9.8,NULL,1014.1,NULL
New York City,2020-03-31,6.7,5.6,7.8,0.8,0.0,105.0,11.7,NULL,1016.2,NULL
New York City,2020-04-01,8.7,4.4,14.4,0.0,0.0,20.0,13.1,NULL,1009.5,NULL
New York City,2020-04-02,10.0,4.4,16.1,0.0,0.0,321.0,5.4,NULL,1005.8,NULL
New York City,2020-04-03,10.2,7.8,11.7,1.3,0.0,339.0,8.3,NULL,1005.4,NULL
New York City,2020-04-04,11.0,8.3,16.1,0.0,0.0,54.0,10.7,NULL,1015.1,NULL
New York City,2020-04-05,11.3,7.8,18.3,0.0,0.0,307.0,6.3,NULL,1016.9,NULL
New York City,2020-04-06,13.7,10.0,18.3,1.5,0.0,342.0,8.5,NULL,1016.0,NULL
New York City,2020-04-07,14.0,10.0,18.9,0.0,0.0,226.0,9.3,NULL,1012.4,NULL
New York City,2020-04-08,14.2,10.0,19.4,5.6,0.0,281.0,7.8,NULL,1001.7,NULL
New York City,2020-04-09,10.9,8.3,14.4,1.5,0.0,244.0,7.3,NULL,996.0,NULL
New York City,2020-04-10,7.2,4.4,9.4,0.0,0.0,277.0,14.6,NULL,997.6,NULL
New York City,2020-04-11,9.2,4.4,13.9,0.0,0.0,280.0,10.1,NULL,1012.5,NULL
New York City,2020-04-12,12.3,7.8,18.3,0.0,0.0,81.0,7.0,NULL,1020.7,NULL
New York City,2020-04-13,14.6,12.2,18.3,42.9,0.0,190.0,16.4,NULL,1008.0,NULL
New York City,2020-04-14,11.8,8.9,16.1,0.0,0.0,277.0,9.5,NULL,1016.4,NULL
New York City,2020-04-15,9.5,6.1,12.8,0.0,0.0,285.0,10.7,NULL,1014.7,NULL
New York City,2020-04-16,8.2,5.0,11.1,0.0,0.0,276.0,14.2,NULL,1018.7,NULL
New York City,2020-04-17,6.5,3.3,10.0,1.8,0.0,248.0,14.6,NULL,1022.9,NULL
New York City,2020-04-18,7.5,6.7,8.9,4.1,0.0,351.0,10.4,NULL,1009.8,NULL
New York City,2020-04-19,10.4,4.4,16.1,0.0,0.0,255.0,16.5,NULL,1011.5,NULL
New York City,2020-04-20,11.9,9.4,13.9,0.0,0.0,7.0,6.9,NULL,1004.7,NULL
New York City,2020-04-21,10.2,6.7,15.0,4.3,0.0,226.0,11.0,NULL,1002.4,NULL
New York City,2020-04-22,7.7,3.3,12.8,0.0,0.0,289.0,10.1,NULL,1011.3,NULL
New York City,2020-04-23,7.6,5.6,11.7,3.6,0.0,329.0,5.9,NULL,1017.5,NULL
New York City,2020-04-24,8.5,6.7,10.0,15.0,0.0,35.0,16.1,NULL,1008.4,NULL
New York City,2020-04-25,11.8,7.8,18.3,0.0,0.0,259.0,6.4,NULL,1017.2,NULL
New York City,2020-04-26,9.3,7.2,10.6,2.8,0.0,51.0,20.1,NULL,1012.1,NULL
New York City,2020-04-27,7.8,5.6,10.6,0.0,0.0,356.0,8.2,NULL,1012.9,NULL
New York City,2020-04-28,11.8,5.6,19.4,0.0,0.0,330.0,7.5,NULL,1019.8,NULL
New York City,2020-04-29,10.8,8.9,13.3,0.3,0.0,51.0,19.9,NULL,1022.8,NULL
New York City,2020-04-30,12.5,10.6,15.0,11.9,0.0,75.0,20.6,NULL,1016.7,NULL
New York City,2020-05-01,14.6,11.7,19.4,3.0,0.0,39.0,4.6,NULL,1006.5,NULL
New York City,2020-05-02,17.3,11.1,23.3,0.0,0.0,298.0,6.5,NULL,1013.3,NULL
New York City,2020-05-03,18.9,12.8,26.1,1.3,0.0,260.0,11.0,NULL,1008.1,NULL
New York City,2020-05-04,17.7,11.1,22.8,0.0,0.0,325.0,7.0,NULL,1006.1,NULL
New York City,2020-05-05,13.1,8.3,18.3,0.0,0.0,299.0,7.2,NULL,1012.5,NULL
New York City,2020-05-06,10.5,8.3,12.8,3.8,0.0,36.0,14.2,NULL,1010.6,NULL
New York City,2020-05-07,13.9,8.3,20.6,0.0,0.0,271.0,12.9,NULL,1008.1,NULL
New York City,2020-05-08,10.5,7.8,15.6,10.9,0.0,350.0,7.7,NULL,1008.5,NULL
New York City,2020-05-09,6.0,2.2,9.4,0.0,0.0,289.0,10.3,NULL,1010.8,NULL
New York City,2020-05-10,11.1,4.4,17.8,0.0,0.0,260.0,23.9,NULL,1017.8,NULL
New York City,2020-05-11,12.0,8.9,16.1,1.0,0.0,252.0,12.4,NULL,1011.8,NULL
New York City,2020-05-12,11.6,7.2,16.7,0.0,0.0,294.0,6.7,NULL,1016.6,NULL
New York City,2020-05-13,11.9,6.1,18.9,0.0,0.0,311.0,8.6,NULL,1025.0,NULL
New York City,2020-05-14,14.9,10.0,18.9,0.0,0.0,296.0,7.1,NULL,1024.3,NULL
New York City,2020-05-15,21.1,15.6,27.2,0.5,0.0,260.0,13.7,NULL,1013.9,NULL
New York City,2020-05-16,21.0,17.8,25.0,0.0,0.0,303.0,5.7,NULL,1016.6,NULL
New York City,2020-05-17,15.6,13.3,18.9,0.0,0.0,118.0,13.5,NULL,1024.9,NULL
New York City,2020-05-18,16.3,13.3,20.6,0.0,0.0,52.0,13.7,NULL,1021.0,NULL
New York City,2020-05-19,15.7,12.8,19.4,0.0,0.0,47.0,24.1,NULL,1023.9,NULL
New York City,2020-05-20,14.2,11.1,18.9,0.0,0.0,64.0,18.6,NULL,1030.2,NULL
New York City,2020-05-21,14.1,10.0,19.4,0.0,0.0,115.0,9.5,NULL,1029.0,NULL
New York City,2020-05-22,17.6,12.8,24.4,0.8,0.0,305.0,4.6,NULL,1021.5,NULL
New York City,2020-05-23,16.4,13.9,19.4,20.1,0.0,32.0,14.1,NULL,1016.6,NULL
New York City,2020-05-24,15.6,12.2,21.1,0.0,0.0,54.0,16.8,NULL,1024.0,NULL
New York City,2020-05-25,17.0,13.3,22.8,0.0,0.0,34.0,9.1,NULL,1023.3,NULL
New York City,2020-05-26,18.0,14.4,23.9,0.0,0.0,245.0,8.1,NULL,1023.2,NULL
New York City,2020-05-27,18.5,15.0,24.4,0.0,0.0,321.0,5.7,NULL,1023.7,NULL
New York City,2020-05-28,20.0,16.7,23.9,0.0,0.0,110.0,6.9,NULL,1021.5,NULL
New York City,2020-05-29,22.8,18.3,27.2,0.0,0.0,186.0,5.6,NULL,1015.6,NULL
New York City,2020-05-30,23.4,19.4,28.3,0.8,0.0,276.0,9.2,NULL,1012.0,NULL
New York City,2020-05-31,18.8,14.4,22.8,0.0,0.0,326.0,7.2,NULL,1017.6,NULL
New York City,2020-06-01,17.4,11.7,23.3,0.0,0.0,317.0,8.5,NULL,1021.8,NULL
New York City,2020-06-02,19.3,15.0,23.3,3.6,0.0,268.0,9.9,NULL,1015.4,NULL
New York City,2020-06-03,21.0,16.1,26.1,20.3,0.0,265.0,11.7,NULL,1005.1,NULL
New York City,2020-06-04,23.8,19.4,30.6,3.3,0.0,253.0,6.9,NULL,1010.5,NULL
New York City,2020-06-05,22.5,20.0,28.3,4.8,0.0,264.0,7.9,NULL,1012.5,NULL
New York City,2020-06-06,24.8,21.0,30.0,0.0,0.0,259.0,5.2,NULL,1008.2,NULL
New York City,2020-06-07,22.4,17.8,26.7,0.0,0.0,328.0,7.0,NULL,1012.0,NULL
New York City,2020-06-08,21.8,17.2,27.8,0.0,0.0,319.0,8.3,NULL,1016.0,NULL
New York City,2020-06-09,24.5,18.3,30.6,0.0,0.0,247.0,10.4,NULL,1013.9,NULL
New York City,2020-06-10,24.4,21.7,28.3,0.0,0.0,138.0,10.6,NULL,1014.7,NULL
New York City,2020-06-11,23.4,21.7,27.2,2.0,0.0,250.0,9.6,NULL,1015.6,NULL
New York City,2020-06-12,25.0,20.6,29.4,0.0,0.0,265.0,7.4,NULL,1017.9,NULL
New York City,2020-06-13,21.0,16.7,25.6,0.0,0.0,337.0,9.6,NULL,1021.5,NULL
New York City,2020-06-14,18.9,14.4,24.4,0.0,0.0,70.0,13.1,NULL,1027.8,NULL
New York City,2020-06-15,19.6,17.2,23.3,0.0,0.0,77.0,13.8,NULL,1029.1,NULL
New York City,2020-06-16,20.5,17.2,25.0,0.0,0.0,54.0,12.5,NULL,1028.0,NULL
New York City,2020-06-17,20.6,17.8,26.1,0.0,0.0,61.0,16.1,NULL,1024.6,NULL
New York City,2020-06-18,21.0,18.9,24.4,0.3,0.0,97.0,11.7,NULL,1021.9,NULL
New York City,2020-06-19,22.3,18.3,27.2,0.0,0.0,212.0,8.5,NULL,1020.1,NULL
New York City,2020-06-20,24.2,20.6,29.4,0.0,0.0,256.0,7.1,NULL,1017.9,NULL
New York City,2020-06-21,24.8,20.6,30.0,0.0,0.0,240.0,6.2,NULL,1016.0,NULL
New York City,2020-06-22,26.1,21.7,32.2,0.0,0.0,200.0,9.3,NULL,1014.0,NULL
New York City,2020-06-23,25.6,22.8,28.9,0.0,0.0,159.0,9.0,NULL,1008.9,NULL
New York City,2020-06-24,26.4,23.3,30.0,0.0,0.0,268.0,12.8,NULL,1006.5,NULL
New York City,2020-06-25,25.1,22.2,29.4,0.0,0.0,232.0,8.6,NULL,1014.2,NULL
New York City,2020-06-26,25.5,20.6,30.6,0.0,0.0,264.0,8.8,NULL,1014.0,NULL
New York City,2020-06-27,24.1,21.7,26.1,2.5,0.0,263.0,8.0,NULL,1009.1,NULL
New York City,2020-06-28,25.8,22.2,31.1,0.0,0.0,243.0,7.9,NULL,1006.9,NULL
New York City,2020-06-29,25.3,21.7,31.7,0.0,0.0,338.0,6.3,NULL,1009.2,NULL
New York City,2020-06-30,23.1,20.6,27.2,36.6,0.0,35.0,5.9,NULL,1012.1,NULL
New York City,2020-07-01,22.8,19.4,25.6,5.8,0.0,3.0,9.0,NULL,1011.7,NULL
New York City,2020-07-02,26.4,21.1,32.2,0.0,0.0,330.0,11.5,NULL,1009.9,NULL
New York City,2020-07-03,27.8,23.3,32.8,28.2,0.0,329.0,6.2,NULL,1010.1,NULL
New York City,2020-07-04,24.6,21.1,31.1,0.0,0.0,87.0,10.7,NULL,1013.1,NULL
New York City,2020-07-05,26.9,22.2,33.9,0.0,0.0,254.0,6.6,NULL,1014.0,NULL
New York City,2020-07-06,26.1,22.2,33.9,14.7,0.0,282.0,8.6,NULL,1016.7,NULL
New York City,2020-07-07,25.0,22.8,27.8,0.0,0.0,117.0,11.8,NULL,1019.1,NULL
New York City,2020-07-08,25.8,23.9,30.0,29.2,0.0,268.0,5.6,NULL,1016.2,NULL
New York City,2020-07-09,26.7,23.3,31.7,0.0,0.0,234.0,8.5,NULL,1015.6,NULL
New York City,2020-07-10,24.3,23.3,25.6,70.6,0.0,52.0,19.8,NULL,1010.4,NULL
New York City,2020-07-11,26.1,23.3,30.6,22.6,0.0,222.0,14.1,NULL,1005.3,NULL
New York City,2020-07-12,27.3,22.8,32.2,0.0,0.0,261.0,14.9,NULL,1006.4,NULL
New York City,2020-07-13,27.2,22.8,32.2,1.3,0.0,262.0,9.7,NULL,1008.9,NULL
New York City,2020-07-14,27.0,22.2,31.7,0.0,0.0,314.0,7.3,NULL,1014.0,NULL
New York City,2020-07-15,25.0,22.8,28.9,0.0,0.0,92.0,12.9,NULL,1021.5,NULL
New York City,2020-07-16,23.5,21.7,26.1,0.0,0.0,136.0,13.1,NULL,1025.7,NULL
New York City,2020-07-17,24.9,21.1,31.1,1.8,0.0,204.0,8.3,NULL,1020.0,NULL
New York City,2020-07-18,28.3,23.9,35.0,0.0,0.0,316.0,4.3,NULL,1017.4,NULL
New York City,2020-07-19,29.0,24.4,35.0,0.0,0.0,231.0,10.5,NULL,1013.7,NULL
New York City,2020-07-20,30.4,26.7,35.0,0.0,0.0,267.0,9.5,NULL,1010.9,NULL
New York City,2020-07-21,29.4,26.7,33.9,0.0,0.0,261.0,6.3,NULL,1015.7,NULL
New York City,2020-07-22,27.8,23.3,34.4,24.9,0.0,281.0,6.9,NULL,1016.3,NULL
New York City,2020-07-23,26.6,23.3,31.7,0.0,0.0,244.0,11.6,NULL,1016.5,NULL
New York City,2020-07-24,25.0,23.3,26.7,54.4,0.0,38.0,10.4,NULL,1018.0,NULL
New York City,2020-07-25,27.5,23.9,32.2,0.0,0.0,253.0,7.6,NULL,1018.6,NULL
New York City,2020-07-26,29.5,25.0,34.4,0.0,0.0,249.0,12.5,NULL,1015.4,NULL
New York City,2020-07-27,30.3,25.6,35.0,0.0,0.0,253.0,13.2,NULL,1010.2,NULL
New York City,2020-07-28,29.8,26.7,33.3,3.6,0.0,262.0,10.8,NULL,1008.9,NULL
New York City,2020-07-29,29.0,25.0,32.8,0.0,0.0,282.0,5.9,NULL,1012.5,NULL
New York City,2020-07-30,29.2,25.6,33.3,0.0,0.0,259.0,8.2,NULL,1010.9,NULL
New York City,2020-07-31,24.7,22.2,28.3,27.9,0.0,14.0,8.2,NULL,1009.9,NULL
New York City,2020-08-01,27.2,23.3,32.8,0.0,0.0,240.0,8.3,NULL,1013.4,NULL
New York City,2020-08-02,28.1,25.0,32.2,0.0,0.0,169.0,13.1,NULL,1012.9,NULL
New York City,2020-08-03,28.4,23.9,32.8,8.6,0.0,258.0,12.4,NULL,1015.8,NULL
New York City,2020-08-04,25.1,22.2,27.2,18.3,0.0,20.0,19.1,NULL,1011.3,NULL
New York City,2020-08-05,27.3,23.9,31.7,0.0,0.0,258.0,11.5,NULL,1015.7,NULL
New York City,2020-08-06,25.5,23.9,28.3,0.0,0.0,7.0,7.5,NULL,1019.3,NULL
New York City,2020-08-07,24.2,21.1,27.2,15.2,0.0,62.0,11.4,NULL,1019.9,NULL
New York City,2020-08-08,25.1,22.8,30.6,0.0,0.0,57.0,8.2,NULL,1020.6,NULL
New York City,2020-08-09,26.4,22.8,31.1,0.0,0.0,220.0,9.8,NULL,1019.5,NULL
New York City,2020-08-10,28.4,24.0,33.3,0.0,0.0,230.0,12.6,NULL,1016.0,NULL
New York City,2020-08-11,28.0,25.0,31.7,1.0,0.0,229.0,9.1,NULL,1014.7,NULL
New York City,2020-08-12,27.8,25.6,33.3,0.0,0.0,223.0,9.4,NULL,1015.8,NULL
New York City,2020-08-13,25.5,23.3,26.1,12.4,0.0,42.0,8.6,NULL,1018.5,NULL
New York City,2020-08-14,27.3,23.9,31.7,0.0,0.0,48.0,13.8,NULL,1016.1,NULL
New York City,2020-08-15,25.8,23.3,30.0,0.0,0.0,44.0,17.6,NULL,1016.0,NULL
New York City,2020-08-16,21.4,20.6,22.8,3.6,0.0,33.0,19.0,NULL,1014.6,NULL
New York City,2020-08-17,23.1,20.0,28.9,0.3,0.0,232.0,8.5,NULL,1012.8,NULL
New York City,2020-08-18,24.3,19.4,30.0,7.1,0.0,256.0,7.1,NULL,1011.1,NULL
New York City,2020-08-19,23.4,20.6,26.7,5.3,0.0,18.0,7.6,NULL,1013.5,NULL
New York City,2020-08-20,24.1,19.4,29.4,0.0,0.0,289.0,7.4,NULL,1017.2,NULL
New York City,2020-08-21,25.4,20.6,31.1,0.0,0.0,246.0,12.8,NULL,1014.7,NULL
New York City,2020-08-22,26.7,23.3,31.7,0.0,0.0,249.0,10.2,NULL,1013.9,NULL
New York City,2020-08-23,26.4,23.3,31.7,0.0,0.0,232.0,8.8,NULL,1017.2,NULL
New York City,2020-08-24,27.8,23.9,32.2,0.0,0.0,258.0,7.8,NULL,1015.4,NULL
New York City,2020-08-25,27.6,23.9,32.8,0.0,0.0,260.0,12.6,NULL,1009.9,NULL
New York City,2020-08-26,24.3,20.6,28.3,0.0,0.0,307.0,3.3,NULL,1013.4,NULL
New York City,2020-08-27,26.3,21.1,32.8,8.6,0.0,268.0,11.3,NULL,1008.5,NULL
New York City,2020-08-28,25.5,22.2,31.1,0.5,0.0,247.0,11.2,NULL,1009.6,NULL
New York City,2020-08-29,24.6,22.8,27.8,0.0,0.0,242.0,12.4,NULL,1002.8,NULL
New York City,2020-08-30,24.4,20.6,28.9,0.0,0.0,299.0,4.8,NULL,1006.7,NULL
New York City,2020-08-31,22.8,20.6,25.6,0.0,0.0,62.0,10.7,NULL,1018.2,NULL
New York City,2020-09-01,23.2,19.4,27.8,3.0,0.0,90.0,12.1,NULL,1019.7,NULL
New York City,2020-09-02,24.3,21.7,27.8,2.8,0.0,137.0,9.0,NULL,1013.0,NULL
New York City,2020-09-03,26.2,23.3,32.2,21.6,0.0,312.0,6.4,NULL,1008.8,NULL
New York City,2020-09-04,26.0,21.7,31.7,0.0,0.0,282.0,7.2,NULL,1011.6,NULL
New York City,2020-09-05,24.1,20.6,28.3,0.0,0.0,301.0,9.5,NULL,1021.3,NULL
New York City,2020-09-06,23.6,20.0,28.9,0.0,0.0,223.0,10.7,NULL,1021.5,NULL
New York City,2020-09-07,23.4,20.6,27.2,0.0,0.0,206.0,10.5,NULL,1019.5,NULL
New York City,2020-09-08,24.2,21.7,28.9,0.0,0.0,297.0,6.2,NULL,1021.0,NULL
New York City,2020-09-09,24.3,22.2,27.2,0.0,0.0,103.0,8.2,NULL,1025.1,NULL
New York City,2020-09-10,24.9,23.3,28.3,36.3,0.0,2.0,9.5,NULL,1023.1,NULL
New York City,2020-09-11,24.0,20.6,27.2,0.0,0.0,14.0,10.5,NULL,1021.3,NULL
New York City,2020-09-12,20.7,18.3,23.3,0.0,0.0,77.0,14.4,NULL,1025.5,NULL
New York City,2020-09-13,22.0,18.3,25.6,0.0,0.0,112.0,13.1,NULL,1020.1,NULL
New York City,2020-09-14,22.9,18.3,26.1,0.0,0.0,321.0,7.5,NULL,1019.3,NULL
New York City,2020-09-15,17.6,13.9,22.2,0.0,0.0,76.0,12.9,NULL,1026.3,NULL
New York City,2020-09-16,19.2,15.6,23.3,0.0,0.0,234.0,11.9,NULL,1023.3,NULL
New York City,2020-09-17,21.4,18.9,25.0,0.0,0.0,233.0,9.6,NULL,1017.0,NULL
New York City,2020-09-18,20.5,17.2,23.3,0.0,0.0,7.0,12.2,NULL,1015.0,NULL
New York City,2020-09-19,16.2,11.7,20.6,0.0,0.0,6.0,12.6,NULL,1026.0,NULL
New York City,2020-09-20,16.1,12.2,20.0,0.0,0.0,40.0,19.7,NULL,1032.4,NULL
New York City,2020-09-21,16.8,12.8,21.1,0.0,0.0,51.0,14.5,NULL,1033.3,NULL
New York City,2020-09-22,18.1,12.2,25.0,0.0,0.0,336.0,5.6,NULL,1019.5,NULL
New York City,2020-09-23,21.7,16.1,28.3,0.0,0.0,284.0,4.2,NULL,1011.8,NULL
New York City,2020-09-24,21.2,17.8,24.4,0.0,0.0,272.0,6.6,NULL,1015.2,NULL
New York City,2020-09-25,20.9,17.8,25.6,0.0,0.0,263.0,5.9,NULL,1018.8,NULL
New York City,2020-09-26,21.0,18.9,23.9,0.0,0.0,102.0,8.4,NULL,1018.7,NULL
New York City,2020-09-27,22.6,20.0,27.2,1.3,0.0,21.0,7.3,NULL,1015.2,NULL
New York City,2020-09-28,22.7,21.1,26.7,0.5,0.0,191.0,10.7,NULL,1012.9,NULL
New York City,2020-09-29,21.7,20.6,23.3,19.0,0.0,150.0,7.5,NULL,1010.9,NULL
New York City,2020-09-30,19.6,16.7,22.2,18.5,0.0,229.0,21.1,NULL,1005.8,NULL
New York City,2020-10-01,19.3,16.7,22.8,0.5,0.0,254.0,15.6,NULL,1012.9,NULL
New York City,2020-10-02,17.2,14.4,21.1,0.3,0.0,268.0,8.7,NULL,1015.5,NULL
New York City,2020-10-03,16.8,13.3,21.1,0.0,0.0,296.0,7.2,NULL,1022.0,NULL
New York City,2020-10-04,14.4,8.3,20.6,0.0,0.0,50.0,9.7,NULL,1023.1,NULL
New York City,2020-10-05,16.3,10.6,21.7,0.0,0.0,11.0,10.8,NULL,1020.0,NULL
New York City,2020-10-06,18.0,14.4,22.2,0.0,0.0,253.0,11.7,NULL,1019.1,NULL
New York City,2020-10-07,19.3,16.1,23.9,0.0,0.0,245.0,16.0,NULL,1008.0,NULL
New York City,2020-10-08,16.7,13.9,20.6,0.0,0.0,296.0,7.1,NULL,1014.6,NULL
New York City,2020-10-09,16.9,12.2,22.8,0.0,0.0,248.0,10.6,NULL,1021.8,NULL
New York City,2020-10-10,18.8,15.6,21.7,0.0,0.0,248.0,18.0,NULL,1016.3,NULL
New York City,2020-10-11,18.6,16.7,20.0,0.3,0.0,42.0,14.5,NULL,1018.8,NULL
New York City,2020-10-12,13.1,11.7,16.7,20.1,0.0,38.0,26.9,NULL,1021.2,NULL
New York City,2020-10-13,14.7,13.3,16.1,6.4,0.0,356.0,12.1,NULL,1012.3,NULL
New York City,2020-10-14,16.5,12.8,21.7,0.0,0.0,247.0,9.9,NULL,1015.1,NULL
New York City,2020-10-15,18.5,15.0,23.3,0.0,0.0,231.0,11.6,NULL,1016.1,NULL
New York City,2020-10-16,15.0,11.1,18.9,24.9,0.0,317.0,7.6,NULL,1018.1,NULL
New York City,2020-10-17,13.1,8.9,18.3,0.0,0.0,302.0,7.6,NULL,1025.3,NULL
New York City,2020-10-18,14.5,11.1,17.8,0.0,0.0,88.0,10.3,NULL,1030.9,NULL
New York City,2020-10-19,16.5,13.9,20.0,0.0,0.0,83.0,9.5,NULL,1027.3,NULL
New York City,2020-10-20,18.1,16.1,22.8,0.5,0.0,275.0,5.5,NULL,1024.3,NULL
New York City,2020-10-21,18.2,16.1,22.8,0.0,0.0,91.0,4.4,NULL,1024.8,NULL
New York City,2020-10-22,18.9,18.0,20.0,0.0,0.0,305.0,4.3,NULL,1024.0,NULL
New York City,2020-10-23,18.0,17.2,20.6,0.0,0.0,174.0,5.5,NULL,1022.0,NULL
New York City,2020-10-24,17.4,12.2,22.8,0.0,0.0,245.0,6.9,NULL,1015.0,NULL
New York City,2020-10-25,11.1,8.9,13.3,1.0,0.0,22.0,15.6,NULL,1023.3,NULL
New York City,2020-10-26,13.6,11.7,15.6,1.8,0.0,31.0,13.1,NULL,1021.7,NULL
New York City,2020-10-27,14.8,13.3,16.1,0.0,0.0,333.0,6.6,NULL,1021.0,NULL
New York City,2020-10-28,13.7,12.2,15.0,2.0,0.0,357.0,8.7,NULL,1017.2,NULL
New York City,2020-10-29,12.0,9.4,14.4,40.4,0.0,24.0,18.4,NULL,1008.1,NULL
New York City,2020-10-30,7.4,5.6,9.4,17.8,0.0,13.0,16.6,NULL,1012.5,NULL
New York City,2020-10-31,6.8,3.3,9.4,0.0,0.0,44.0,9.4,NULL,1031.3,NULL
New York City,2020-11-01,11.0,7.8,13.3,9.4,0.0,201.0,13.7,NULL,1016.7,NULL
New York City,2020-11-02,7.1,5.0,10.0,0.0,0.0,273.0,13.9,NULL,1010.1,NULL
New York City,2020-11-03,9.6,5.6,13.9,0.0,0.0,280.0,18.0,NULL,1017.2,NULL
New York City,2020-11-04,12.5,6.7,19.4,0.0,0.0,350.0,11.0,NULL,1030.7,NULL
New York City,2020-11-05,14.9,11.1,20.6,0.0,0.0,218.0,8.8,NULL,1029.7,NULL
New York City,2020-11-06,16.7,12.8,22.8,0.0,0.0,256.0,9.9,NULL,1025.1,NULL
New York City,2020-11-07,17.9,12.8,25.0,0.0,0.0,252.0,9.5,NULL,1024.7,NULL
New York City,2020-11-08,17.1,12.8,24.4,0.0,0.0,265.0,5.4,NULL,1027.5,NULL
New York City,2020-11-09,17.5,11.7,25.6,0.0,0.0,255.0,5.6,NULL,1026.6,NULL
New York City,2020-11-10,18.5,14.4,23.3,0.0,0.0,266.0,9.6,NULL,1022.4,NULL
New York City,2020-11-11,19.0,17.8,21.1,16.0,0.0,194.0,8.7,NULL,1016.6,NULL
New York City,2020-11-12,14.1,9.4,19.4,4.1,0.0,25.0,13.3,NULL,1015.4,NULL
New York City,2020-11-13,10.5,9.4,12.2,3.0,0.0,347.0,10.9,NULL,1016.1,NULL
New York City,2020-11-14,10.4,8.3,13.9,0.0,0.0,297.0,8.2,NULL,1021.2,NULL
New York City,2020-11-15,11.6,7.2,16.7,1.8,0.0,105.0,19.4,NULL,1017.2,NULL
New York City,2020-11-16,11.3,9.4,13.3,0.0,0.0,260.0,16.6,NULL,1013.5,NULL
New York City,2020-11-17,7.6,4.4,10.0,0.0,0.0,273.0,8.8,NULL,1015.9,NULL
New York City,2020-11-18,3.0,1.1,5.6,0.0,0.0,315.0,7.9,NULL,1030.7,NULL
New York City,2020-11-19,5.3,0.6,10.0,0.0,0.0,219.0,15.7,NULL,1034.3,NULL
New York City,2020-11-20,12.0,7.8,18.3,0.0,0.0,243.0,13.7,NULL,1027.5,NULL
New York City,2020-11-21,13.6,10.6,19.4,0.0,0.0,219.0,7.9,NULL,1027.3,NULL
New York City,2020-11-22,10.4,7.8,13.9,0.0,0.0,42.0,20.5,NULL,1028.2,NULL
New York City,2020-11-23,11.6,6.7,15.0,11.7,0.0,284.0,7.3,NULL,1015.9,NULL
New York City,2020-11-24,8.2,6.1,12.2,0.0,0.0,309.0,9.4,NULL,1026.6,NULL
New York City,2020-11-25,10.4,8.3,12.2,0.0,0.0,273.0,8.4,NULL,1026.6,NULL
New York City,2020-11-26,15.1,12.8,18.3,16.5,0.0,230.0,9.2,NULL,1017.0,NULL
New York City,2020-11-27,13.0,10.6,16.7,0.0,0.0,234.0,8.4,NULL,1017.2,NULL
New York City,2020-11-28,11.0,7.8,14.4,0.0,0.0,304.0,6.8,NULL,1016.1,NULL
New York City,2020-11-29,9.5,6.1,14.4,0.0,0.0,247.0,9.5,NULL,1020.5,NULL
New York City,2020-11-30,13.9,10.0,16.7,30.7,0.0,112.0,16.4,NULL,1005.2,NULL
New York City,2020-12-01,10.1,4.4,15.0,0.0,0.0,251.0,22.6,NULL,1002.5,NULL
New York City,2020-12-02,5.0,3.3,7.8,0.0,0.0,265.0,27.0,NULL,1014.6,NULL
New York City,2020-12-03,6.5,2.2,11.1,0.0,0.0,255.0,16.9,NULL,1022.5,NULL
New York City,2020-12-04,8.6,7.2,10.6,3.0,0.0,246.0,12.7,NULL,1017.7,NULL
New York City,2020-12-05,7.1,4.4,9.4,24.6,0.0,337.0,10.0,NULL,1006.4,NULL
New York City,2020-12-06,4.3,1.7,7.8,0.0,0.0,292.0,6.4,NULL,1009.7,NULL
New York City,2020-12-07,3.0,0.6,7.8,0.0,0.0,295.0,9.7,NULL,1008.6,NULL
New York City,2020-12-08,2.2,0.0,5.6,0.0,0.0,330.0,7.0,NULL,1008.6,NULL
New York City,2020-12-09,2.3,1.7,3.3,1.5,0.0,259.0,17.2,NULL,1010.3,NULL
New York City,2020-12-10,6.7,2.8,11.1,0.0,0.0,272.0,8.5,NULL,1018.0,NULL
New York City,2020-12-11,9.1,5.0,14.4,0.0,0.0,250.0,8.6,NULL,1022.1,NULL
New York City,2020-12-12,11.1,8.9,13.9,0.0,0.0,327.0,9.5,NULL,1018.1,NULL
New York City,2020-12-13,12.0,8.9,16.1,0.0,0.0,270.0,10.5,NULL,1014.9,NULL
New York City,2020-12-14,5.7,3.3,8.9,7.1,0.0,334.0,7.5,NULL,1014.2,NULL
New York City,2020-12-15,3.2,1.7,7.0,0.0,0.0,308.0,9.0,NULL,1024.8,NULL
New York City,2020-12-16,-0.3,-1.7,1.1,9.9,0.0,35.0,27.7,NULL,1025.7,NULL
New York City,2020-12-17,0.1,-2.8,2.8,14.7,280.0,2.0,14.8,NULL,1012.9,NULL
New York City,2020-12-18,-0.4,-2.2,1.7,0.0,180.0,2.0,7.3,NULL,1025.2,NULL
New York City,2020-12-19,-1.0,-3.9,1.1,0.0,180.0,340.0,8.0,NULL,1028.9,NULL
New York City,2020-12-20,2.2,0.0,4.4,0.3,180.0,277.0,5.9,NULL,1021.3,NULL
New York City,2020-12-21,5.2,3.9,8.9,0.0,130.0,255.0,8.1,NULL,1010.5,NULL
New York City,2020-12-22,5.7,3.3,8.9,0.0,50.0,255.0,8.2,NULL,1011.1,NULL
New York City,2020-12-23,5.2,3.3,7.8,0.0,0.0,246.0,8.1,NULL,1027.8,NULL
New York City,2020-12-24,11.6,5.6,14.4,10.9,0.0,139.0,12.5,NULL,1018.6,NULL
New York City,2020-12-25,9.1,0.0,15.0,16.8,0.0,215.0,23.5,NULL,1002.1,NULL
New York City,2020-12-26,-1.3,-3.3,1.7,0.0,0.0,262.0,25.3,NULL,1013.4,NULL
New York City,2020-12-27,0.4,-3.3,5.6,0.0,0.0,240.0,10.9,NULL,1025.2,NULL
New York City,2020-12-28,6.8,2.2,12.2,0.0,0.0,199.0,9.3,NULL,1022.0,NULL
New York City,2020-12-29,3.8,0.0,6.1,0.0,0.0,301.0,6.8,NULL,1028.7,NULL
New York City,2020-12-30,2.3,-0.6,5.0,0.0,0.0,246.0,12.0,NULL,1028.9,NULL
New York City,2020-12-31,6.3,3.3,8.9,15.2,0.0,296.0,9.7,NULL,1020.8,NULL
New York City,2021-01-01,3.6,2.2,4.4,17.3,0.0,36.0,13.2,NULL,1029.4,NULL
New York City,2021-01-02,6.3,3.3,12.2,6.1,0.0,319.0,11.6,NULL,1012.9,NULL
New York City,2021-01-03,3.4,2.8,4.4,5.7,0.0,33.0,22.4,NULL,1017.1,NULL
New York City,2021-01-04,4.6,2.8,7.2,0.7,0.0,7.0,8.1,NULL,1015.0,NULL
New York City,2021-01-05,4.4,3.3,5.6,0.0,0.0,0.0,8.1,NULL,1013.5,NULL
New York City,2021-01-06,4.1,2.2,7.8,0.4,0.0,323.0,6.9,NULL,1015.6,NULL
New York City,2021-01-07,3.2,0.6,8.3,0.2,0.0,327.0,6.0,NULL,1019.0,NULL
New York City,2021-01-08,1.4,-1.1,3.9,0.0,0.0,9.0,10.2,NULL,1015.6,NULL
New York City,2021-01-09,1.1,-2.2,3.9,0.0,0.0,12.0,8.0,NULL,1012.6,NULL
New York City,2021-01-10,3.0,0.0,8.3,0.0,0.0,353.0,6.7,NULL,1022.3,NULL
New York City,2021-01-11,1.5,0.0,3.0,0.0,0.0,295.0,5.0,NULL,1025.4,NULL
New York City,2021-01-12,3.7,0.6,8.3,0.0,0.0,254.0,9.3,NULL,1020.1,NULL
New York City,2021-01-13,4.1,2.2,6.7,0.0,0.0,257.0,11.0,NULL,1016.6,NULL
New York City,2021-01-14,6.4,3.3,11.1,0.0,0.0,279.0,6.7,NULL,1010.9,NULL
New York City,2021-01-15,6.0,3.9,7.8,4.2,0.0,46.0,21.3,NULL,1013.4,NULL
New York City,2021-01-16,6.2,3.9,8.3,14.6,0.0,289.0,15.9,NULL,998.5,NULL
New York City,2021-01-17,4.8,2.8,7.8,0.0,0.0,267.0,22.7,NULL,1003.5,NULL
New York City,2021-01-18,5.3,3.3,8.3,0.1,0.0,265.0,14.7,NULL,1008.2,NULL
New York City,2021-01-19,3.5,1.7,6.1,0.0,0.0,264.0,17.1,NULL,1017.8,NULL
New York City,2021-01-20,2.4,-1.1,5.6,1.5,0.0,298.0,7.5,NULL,1014.9,NULL
New York City,2021-01-21,1.7,-2.2,6.1,0.0,0.0,251.0,11.8,NULL,1009.2,NULL
New York City,2021-01-22,4.7,3.3,7.2,0.0,0.0,271.0,12.6,NULL,1006.7,NULL
New York City,2021-01-23,0.1,-3.3,2.8,0.0,0.0,308.0,8.0,NULL,1017.8,NULL
New York City,2021-01-24,-1.4,-3.9,2.2,0.0,0.0,310.0,6.7,NULL,1021.7,NULL
New York City,2021-01-25,0.7,-3.3,5.0,0.0,0.0,341.0,8.3,NULL,1020.0,NULL
New York City,2021-01-26,1.6,0.6,2.2,7.0,0.0,38.0,18.6,NULL,1015.1,NULL
New York City,2021-01-27,2.5,0.6,3.9,0.5,0.0,331.0,6.5,NULL,1016.2,NULL
New York City,2021-01-28,-0.5,-5.0,2.8,0.0,0.0,336.0,6.1,NULL,1019.0,NULL
New York City,2021-01-29,-4.6,-7.2,-1.1,0.0,0.0,324.0,8.1,NULL,1020.4,NULL
New York City,2021-01-30,-3.0,-7.2,3.3,0.0,0.0,309.0,8.3,NULL,1025.7,NULL
New York City,2021-01-31,-3.4,-4.4,-2.2,1.9,0.0,50.0,14.7,NULL,1025.7,NULL
New York City,2021-02-01,-0.7,-3.9,1.1,24.0,130.0,30.0,30.8,NULL,1009.6,NULL
New York City,2021-02-02,0.6,-0.6,1.1,2.4,430.0,356.0,8.7,NULL,997.2,NULL
New York City,2021-02-03,1.1,-1.1,3.9,0.0,430.0,325.0,4.4,NULL,1000.2,NULL
New York City,2021-02-04,3.1,0.0,8.3,0.0,360.0,275.0,8.3,NULL,1010.5,NULL
New York City,2021-02-05,5.1,1.7,9.4,1.5,280.0,246.0,9.1,NULL,1006.8,NULL
New York City,2021-02-06,3.7,0.6,7.2,0.0,230.0,255.0,15.3,NULL,1016.3,NULL
New York City,2021-02-07,1.6,-2.2,3.3,9.8,180.0,12.0,11.7,NULL,1015.3,NULL
New York City,2021-02-08,-2.8,-7.2,1.7,0.0,300.0,267.0,10.4,NULL,1028.7,NULL
New York City,2021-02-09,-0.2,-2.8,1.7,2.4,280.0,20.0,10.7,NULL,1024.2,NULL
New York City,2021-02-10,0.0,-2.2,3.0,0.6,280.0,297.0,7.9,NULL,1026.4,NULL
New York City,2021-02-11,-0.8,-2.0,1.1,4.6,330.0,10.0,11.2,NULL,1024.9,NULL
New York City,2021-02-12,-2.0,-4.0,0.0,0.0,300.0,9.0,9.8,NULL,1027.7,NULL
New York City,2021-02-13,-1.2,-2.2,0.0,1.1,280.0,40.0,17.7,NULL,1025.8,NULL
New York City,2021-02-14,1.1,-1.1,3.3,0.2,250.0,24.0,10.9,NULL,1023.8,NULL
New York City,2021-02-15,1.7,1.1,2.8,1.2,200.0,44.0,14.2,NULL,1022.1,NULL
New York City,2021-02-16,5.5,1.7,11.1,11.3,130.0,286.0,18.4,NULL,1006.7,NULL
New York City,2021-02-17,-0.6,-3.9,2.2,0.0,80.0,310.0,7.1,NULL,1026.9,NULL
New York City,2021-02-18,-1.6,-3.3,0.0,5.7,30.0,41.0,19.5,NULL,1029.0,NULL
New York City,2021-02-19,0.2,-1.7,2.0,7.3,100.0,13.0,16.6,NULL,1019.8,NULL
New York City,2021-02-20,0.4,-3.0,3.0,0.0,100.0,298.0,16.3,NULL,1019.9,NULL
New York City,2021-02-21,0.3,-3.0,4.4,0.0,80.0,271.0,11.7,NULL,1031.8,NULL
New York City,2021-02-22,1.3,0.0,3.3,9.6,50.0,240.0,12.2,NULL,1017.9,NULL
New York City,2021-02-23,4.2,1.7,7.2,0.2,30.0,264.0,13.3,NULL,1006.5,NULL
New York City,2021-02-24,7.8,3.9,13.3,0.0,0.0,245.0,10.8,NULL,1014.4,NULL
New York City,2021-02-25,7.8,4.4,11.1,0.0,0.0,297.0,8.2,NULL,1018.1,NULL
New York City,2021-02-26,4.5,1.7,7.2,0.0,0.0,223.0,10.9,NULL,1030.3,NULL
New York City,2021-02-27,6.7,4.4,10.0,6.8,0.0,319.0,13.1,NULL,1022.3,NULL
New York City,2021-02-28,5.7,5.0,6.7,4.5,0.0,31.0,13.1,NULL,1022.9,NULL
New York City,2021-03-01,5.8,2.2,8.9,6.2,0.0,309.0,9.7,NULL,1006.9,NULL
New York City,2021-03-02,-0.5,-5.0,3.3,0.0,0.0,292.0,8.9,NULL,1020.3,NULL
New York City,2021-03-03,5.4,0.0,11.1,0.0,0.0,265.0,13.5,NULL,1013.1,NULL
New York City,2021-03-04,4.6,-1.1,7.8,0.0,0.0,311.0,6.5,NULL,1010.7,NULL
New York City,2021-03-05,0.5,-3.9,5.0,0.0,0.0,305.0,6.6,NULL,1012.5,NULL
New York City,2021-03-06,1.0,-1.1,3.3,0.0,0.0,292.0,8.5,NULL,1018.7,NULL
New York City,2021-03-07,2.1,-1.1,7.2,0.0,0.0,307.0,7.6,NULL,1026.6,NULL
New York City,2021-03-08,2.5,-2.2,7.8,0.0,0.0,291.0,9.7,NULL,1030.2,NULL
New York City,2021-03-09,10.2,3.9,18.3,0.1,0.0,298.0,9.5,NULL,1027.3,NULL
New York City,2021-03-10,8.6,5.6,11.7,0.0,0.0,89.0,11.5,NULL,1032.7,NULL
New York City,2021-03-11,12.9,5.6,21.1,0.0,0.0,324.0,7.7,NULL,1023.7,NULL
New York City,2021-03-12,16.2,12.2,21.1,0.2,0.0,276.0,15.0,NULL,1018.4,NULL
New York City,2021-03-13,6.6,1.7,11.7,0.0,0.0,284.0,13.5,NULL,1022.6,NULL
New York City,2021-03-14,7.3,1.7,12.2,0.0,0.0,291.0,9.3,NULL,1016.4,NULL
New York City,2021-03-15,1.3,-2.8,6.1,0.0,0.0,335.0,6.7,NULL,1026.0,NULL
New York City,2021-03-16,1.5,-0.6,3.3,0.0,0.0,95.0,10.3,NULL,1025.9,NULL
New York City,2021-03-17,4.7,2.2,7.2,0.0,0.0,34.0,10.5,NULL,1022.0,NULL
New York City,2021-03-18,6.8,6.1,7.2,11.2,0.0,15.0,11.8,NULL,1014.3,NULL
New York City,2021-03-19,4.6,1.1,8.3,2.0,0.0,53.0,14.6,NULL,1021.1,NULL
New York City,2021-03-20,7.2,1.7,15.0,0.0,0.0,302.0,5.7,NULL,1033.7,NULL
New York City,2021-03-21,9.7,4.4,16.7,0.0,0.0,298.0,4.1,NULL,1033.9,NULL
New York City,2021-03-22,9.1,1.8,15.0,0.0,0.0,35.0,7.3,NULL,1029.7,NULL
New York City,2021-03-23,10.4,6.1,16.7,0.0,0.0,64.0,12.6,NULL,1025.8,NULL
New York City,2021-03-24,10.7,8.3,12.8,24.8,0.0,38.0,18.1,NULL,1021.2,NULL
New York City,2021-03-25,12.4,9.4,17.8,1.1,0.0,341.0,5.7,NULL,1017.6,NULL
New York City,2021-03-26,16.8,10.6,25.0,1.7,0.0,321.0,16.0,NULL,1008.7,NULL
New York City,2021-03-27,13.8,10.0,20.0,0.0,0.0,280.0,6.9,NULL,1019.6,NULL
New York City,2021-03-28,12.5,10.0,16.1,17.9,0.0,16.0,9.2,NULL,1008.6,NULL
New York City,2021-03-29,10.6,7.8,15.0,0.0,0.0,293.0,9.7,NULL,1014.6,NULL
New York City,2021-03-30,10.5,6.7,14.4,0.0,0.0,123.0,13.2,NULL,1028.2,NULL
New York City,2021-03-31,13.2,10.0,17.2,6.2,0.0,340.0,4.7,NULL,1018.8,NULL
New York City,2021-04-01,8.6,5.0,13.9,3.1,0.0,326.0,5.8,NULL,1010.8,NULL
New York City,2021-04-02,2.7,-0.6,5.0,0.0,0.0,326.0,7.9,NULL,1021.7,NULL
New York City,2021-04-03,6.3,0.6,13.3,0.2,0.0,285.0,8.4,NULL,1026.3,NULL
New York City,2021-04-04,11.1,7.2,16.1,0.0,0.0,285.0,5.5,NULL,1018.8,NULL
New York City,2021-04-05,14.5,8.9,20.6,0.0,0.0,313.0,5.8,NULL,1014.1,NULL
New York City,2021-04-06,14.8,8.3,21.7,0.0,0.0,291.0,7.3,NULL,1014.2,NULL
New York City,2021-04-07,14.5,11.1,20.6,1.1,0.0,43.0,5.4,NULL,1015.8,NULL
New York City,2021-04-08,13.8,9.4,19.4,0.0,0.0,245.0,6.8,NULL,1019.6,NULL
New York City,2021-04-09,10.5,9.4,12.8,0.0,0.0,141.0,7.8,NULL,1021.6,NULL
New York City,2021-04-10,12.7,9.4,17.2,0.4,0.0,297.0,5.5,NULL,1015.5,NULL
New York City,2021-04-11,12.0,9.4,13.9,17.6,0.0,36.0,16.9,NULL,1004.2,NULL
New York City,2021-04-12,8.6,7.8,10.0,7.9,0.0,29.0,16.6,NULL,1008.7,NULL
New York City,2021-04-13,12.2,7.8,18.9,3.1,0.0,41.0,8.7,NULL,1016.9,NULL
New York City,2021-04-14,13.6,8.3,20.6,0.2,0.0,261.0,8.1,NULL,1016.3,NULL
New York City,2021-04-15,11.5,8.3,13.9,8.9,0.0,25.0,7.8,NULL,1007.4,NULL
New York City,2021-04-16,8.7,6.1,11.1,2.9,0.0,310.0,6.2,NULL,1004.7,NULL
New York City,2021-04-17,10.2,6.7,13.3,0.0,0.0,295.0,6.2,NULL,1008.3,NULL
New York City,2021-04-18,12.8,9.4,17.2,0.5,0.0,271.0,6.2,NULL,1010.4,NULL
New York City,2021-04-19,14.0,10.6,18.3,0.0,0.0,242.0,6.7,NULL,1011.1,NULL
New York City,2021-04-20,16.2,10.6,22.2,0.0,0.0,253.0,12.5,NULL,1012.8,NULL
New York City,2021-04-21,13.2,5.6,18.9,4.0,0.0,260.0,10.2,NULL,1006.4,NULL
New York City,2021-04-22,6.6,3.3,10.0,0.2,0.0,285.0,9.4,NULL,1011.0,NULL
New York City,2021-04-23,11.2,5.0,18.3,0.2,0.0,268.0,13.6,NULL,1015.2,NULL
New York City,2021-04-24,14.8,9.4,21.1,0.0,0.0,238.0,10.1,NULL,1015.1,NULL
New York City,2021-04-25,13.3,9.4,17.8,13.0,0.0,1.0,6.7,NULL,1007.5,NULL
New York City,2021-04-26,11.8,6.1,17.2,0.0,0.0,315.0,5.9,NULL,1015.8,NULL
New York City,2021-04-27,12.5,8.9,17.8,0.0,0.0,211.0,7.5,NULL,1017.8,NULL
New York City,2021-04-28,17.2,11.1,24.4,0.0,0.0,19.0,7.8,NULL,1010.7,NULL
New York City,2021-04-29,18.4,14.4,22.2,2.1,0.0,314.0,6.4,NULL,1005.2,NULL
New York City,2021-04-30,17.2,11.1,20.0,1.4,0.0,289.0,13.6,NULL,998.5,NULL
New York City,2021-05-01,12.6,6.7,19.4,0.0,0.0,286.0,10.2,NULL,1010.8,NULL
New York City,2021-05-02,19.0,13.3,26.7,0.4,0.0,262.0,16.5,NULL,1008.1,NULL
New York City,2021-05-03,15.9,12.2,17.8,4.2,0.0,46.0,16.1,NULL,1010.4,NULL
New York City,2021-05-04,15.1,11.7,22.8,6.9,0.0,88.0,12.6,NULL,1007.5,NULL
New York City,2021-05-05,12.7,11.7,15.0,7.9,0.0,35.0,10.5,NULL,1007.0,NULL
New York City,2021-05-06,14.8,10.6,20.0,0.0,0.0,306.0,6.5,NULL,1013.1,NULL
New York City,2021-05-07,14.1,11.7,18.3,0.0,0.0,51.0,11.3,NULL,1012.9,NULL
New York City,2021-05-08,11.2,10.0,12.2,3.1,0.0,139.0,9.4,NULL,1011.9,NULL
New York City,2021-05-09,11.3,8.3,17.2,4.7,0.0,256.0,12.8,NULL,1016.4,NULL
New York City,2021-05-10,12.3,8.9,16.1,5.1,0.0,321.0,10.9,NULL,1011.9,NULL
New York City,2021-05-11,14.6,11.1,19.4,0.0,0.0,274.0,9.5,NULL,1017.0,NULL
New York City,2021-05-12,14.7,8.9,21.7,0.0,0.0,316.0,5.2,NULL,1021.0,NULL
New York City,2021-05-13,16.4,11.7,21.7,0.0,0.0,262.0,7.8,NULL,1022.8,NULL
New York City,2021-05-14,18.2,12.8,24.4,0.2,0.0,251.0,8.6,NULL,1023.0,NULL
New York City,2021-05-15,19.0,12.8,23.9,0.1,0.0,271.0,6.3,NULL,1023.6,NULL
New York City,2021-05-16,18.4,15.6,22.8,0.3,0.0,257.0,8.6,NULL,1024.4,NULL
New York City,2021-05-17,19.1,13.9,24.4,0.0,0.0,286.0,5.8,NULL,1025.4,NULL
New York City,2021-05-18,21.2,14.4,26.7,0.0,0.0,253.0,12.1,NULL,1025.5,NULL
New York City,2021-05-19,23.4,17.2,30.6,0.0,0.0,329.0,5.9,NULL,1025.6,NULL
New York City,2021-05-20,19.4,15.6,23.9,0.0,0.0,148.0,7.8,NULL,1031.4,NULL
New York City,2021-05-21,19.3,13.9,25.6,0.2,0.0,243.0,6.5,NULL,1031.9,NULL
New York City,2021-05-22,24.0,17.8,31.1,0.0,0.0,328.0,3.8,NULL,1021.8,NULL
New York City,2021-05-23,26.2,21.1,31.7,0.2,0.0,341.0,6.1,NULL,1013.9,NULL
New York City,2021-05-24,17.2,14.4,21.1,0.0,0.0,108.0,17.1,NULL,1024.9,NULL
New York City,2021-05-25,18.2,14.4,22.8,0.0,0.0,217.0,10.6,NULL,1024.0,NULL
New York City,2021-05-26,22.4,17.8,30.0,0.0,0.0,237.0,10.7,NULL,1016.3,NULL
New York City,2021-05-27,23.3,18.9,29.4,0.8,0.0,293.0,7.3,NULL,1013.9,NULL
New York City,2021-05-28,16.2,11.1,20.6,4.1,0.0,42.0,21.1,NULL,1016.4,NULL
New York City,2021-05-29,10.5,9.4,11.7,11.5,0.0,31.0,25.5,NULL,1016.1,NULL
New York City,2021-05-30,10.5,9.4,11.7,14.6,0.0,28.0,15.1,NULL,1020.9,NULL
New York City,2021-05-31,15.3,10.6,23.3,0.2,0.0,314.0,5.8,NULL,1022.6,NULL
New York City,2021-06-01,19.2,14.4,25.0,0.0,0.0,253.0,7.3,NULL,1024.3,NULL
New York City,2021-06-02,19.2,16.1,23.3,0.0,0.0,238.0,7.2,NULL,1023.6,NULL
New York City,2021-06-03,18.6,16.1,22.2,13.6,0.0,16.0,5.4,NULL,1017.7,NULL
New York City,2021-06-04,20.6,17.8,25.6,30.2,0.0,264.0,7.9,NULL,1013.2,NULL
New York City,2021-06-05,25.0,18.3,31.7,1.1,0.0,256.0,12.0,NULL,1013.5,NULL
New York City,2021-06-06,28.1,21.7,35.0,0.0,0.0,247.0,7.2,NULL,1016.7,NULL
New York City,2021-06-07,27.0,22.8,33.3,0.0,0.0,282.0,5.2,NULL,1018.3,NULL
New York City,2021-06-08,25.5,21.7,32.2,8.1,0.0,269.0,7.7,NULL,1017.2,NULL
New York City,2021-06-09,25.8,21.1,32.8,0.5,0.0,245.0,8.5,NULL,1015.3,NULL
New York City,2021-06-10,24.2,18.9,27.8,0.1,0.0,62.0,16.5,NULL,1016.3,NULL
New York City,2021-06-11,19.1,17.2,21.1,0.4,0.0,67.0,13.8,NULL,1015.5,NULL
New York City,2021-06-12,19.2,17.8,21.7,0.3,0.0,70.0,10.3,NULL,1011.7,NULL
New York City,2021-06-13,19.5,16.1,23.3,0.0,0.0,219.0,7.5,NULL,1013.4,NULL
New York City,2021-06-14,20.2,18.9,23.9,9.5,0.0,141.0,8.6,NULL,1010.6,NULL
New York City,2021-06-15,22.7,19.4,27.8,15.0,0.0,274.0,7.2,NULL,1007.5,NULL
New York City,2021-06-16,21.8,17.2,26.7,0.0,0.0,300.0,6.4,NULL,1010.8,NULL
New York City,2021-06-17,21.8,16.7,27.2,0.0,0.0,271.0,8.8,NULL,1015.1,NULL
New York City,2021-06-18,23.1,17.2,28.3,0.0,0.0,240.0,11.0,NULL,1015.2,NULL
New York City,2021-06-19,24.2,19.4,30.0,5.5,0.0,249.0,12.1,NULL,1008.9,NULL
New York City,2021-06-20,24.8,18.9,30.6,0.6,0.0,247.0,7.3,NULL,1009.4,NULL
New York City,2021-06-21,26.3,23.3,30.6,0.2,0.0,248.0,8.3,NULL,1005.8,NULL
New York City,2021-06-22,21.0,16.7,25.0,15.2,0.0,293.0,8.2,NULL,1006.9,NULL
New York City,2021-06-23,19.8,14.4,26.1,0.0,0.0,267.0,7.9,NULL,1021.2,NULL
New York City,2021-06-24,20.7,16.7,25.0,0.0,0.0,183.0,9.5,NULL,1028.0,NULL
New York City,2021-06-25,21.4,18.3,26.1,0.7,0.0,200.0,9.4,NULL,1025.8,NULL
New York City,2021-06-26,23.9,20.6,27.8,2.1,0.0,226.0,10.6,NULL,1023.6,NULL
New York City,2021-06-27,26.4,22.8,32.2,0.6,0.0,244.0,10.5,NULL,1021.8,NULL
New York City,2021-06-28,28.1,23.3,33.3,0.2,0.0,249.0,12.4,NULL,1022.5,NULL
New York City,2021-06-29,29.6,25.6,33.9,0.0,0.0,251.0,12.8,NULL,1021.8,NULL
New York City,2021-06-30,30.1,23.3,35.0,3.2,0.0,258.0,11.9,NULL,1015.5,NULL
New York City,2021-07-01,24.6,21.7,28.9,27.8,0.0,251.0,6.1,NULL,1011.1,NULL
New York City,2021-07-02,22.7,18.3,26.1,16.6,0.0,235.0,10.1,NULL,1007.1,NULL
New York City,2021-07-03,18.1,16.7,19.4,7.7,0.0,48.0,17.3,NULL,1009.1,NULL
New York City,2021-07-04,21.6,17.2,27.8,1.1,0.0,204.0,7.5,NULL,1012.4,NULL
New York City,2021-07-05,24.6,20.6,30.0,0.3,0.0,31.0,8.9,NULL,1016.9,NULL
New York City,2021-07-06,26.8,22.2,33.9,6.2,0.0,258.0,12.7,NULL,1015.1,NULL
New York City,2021-07-07,27.8,21.7,33.9,1.3,0.0,257.0,8.6,NULL,1014.1,NULL
New York City,2021-07-08,25.8,23.0,29.4,2.8,0.0,46.0,12.9,NULL,1014.7,NULL
New York City,2021-07-09,25.1,21.7,31.1,25.8,0.0,307.0,10.8,NULL,1009.7,NULL
New York City,2021-07-10,24.3,22.2,28.9,0.6,0.0,32.0,7.1,NULL,1014.6,NULL
New York City,2021-07-11,23.2,20.6,25.2,3.2,0.0,142.0,12.0,NULL,1018.7,NULL
New York City,2021-07-12,25.6,22.2,32.2,18.7,0.0,7.0,9.1,NULL,1019.3,NULL
New York City,2021-07-13,22.8,21.1,25.6,1.0,0.0,53.0,13.0,NULL,1023.3,NULL
New York City,2021-07-14,25.3,21.7,32.2,0.5,0.0,337.0,9.3,NULL,1020.9,NULL
New York City,2021-07-15,27.6,23.9,32.8,0.3,0.0,267.0,7.1,NULL,1018.5,NULL
New York City,2021-07-16,29.3,25.6,33.3,0.0,0.0,251.0,9.0,NULL,1016.0,NULL
New York City,2021-07-17,27.7,23.9,33.3,6.2,0.0,300.0,7.0,NULL,1016.5,NULL
New York City,2021-07-18,25.3,22.8,28.9,6.0,0.0,246.0,14.1,NULL,1014.7,NULL
New York City,2021-07-19,25.0,22.8,29.4,1.1,0.0,298.0,6.9,NULL,1014.6,NULL
New York City,2021-07-20,27.1,23.3,31.7,0.2,0.0,250.0,7.9,NULL,1012.7,NULL
New York City,2021-07-21,25.6,23.9,28.9,7.2,0.0,273.0,7.7,NULL,1011.9,NULL
New York City,2021-07-22,24.5,20.6,28.9,0.0,0.0,311.0,5.6,NULL,1017.8,NULL
New York City,2021-07-23,24.6,21.1,29.4,0.0,0.0,316.0,5.4,NULL,1019.7,NULL
New York City,2021-07-24,25.1,22.2,28.9,0.2,0.0,185.0,7.7,NULL,1018.9,NULL
New York City,2021-07-25,24.9,20.0,29.4,4.7,0.0,229.0,11.2,NULL,1013.4,NULL
New York City,2021-07-26,27.8,23.3,32.8,0.2,0.0,263.0,6.1,NULL,1012.3,NULL
New York City,2021-07-27,27.9,23.3,32.8,0.3,0.0,308.0,5.4,NULL,1013.8,NULL
New York City,2021-07-28,24.8,21.7,30.0,0.5,0.0,39.0,5.8,NULL,1015.4,NULL
New York City,2021-07-29,23.4,21.7,25.6,6.8,0.0,207.0,12.5,NULL,1013.8,NULL
New York City,2021-07-30,24.9,21.7,30.6,0.1,0.0,315.0,5.8,NULL,1009.0,NULL
New York City,2021-07-31,22.1,17.2,26.7,0.0,0.0,292.0,7.3,NULL,1015.1,NULL
New York City,2021-08-01,22.6,20.0,25.6,2.0,0.0,201.0,10.0,NULL,1012.6,NULL
New York City,2021-08-02,23.1,17.8,28.9,0.2,0.0,300.0,5.8,NULL,1014.0,NULL
New York City,2021-08-03,23.4,21.1,27.8,0.2,0.0,22.0,7.2,NULL,1019.5,NULL
New York City,2021-08-04,22.8,21.7,24.4,0.2,0.0,20.0,9.3,NULL,1019.9,NULL
New York City,2021-08-05,23.4,20.6,28.3,0.0,0.0,33.0,9.3,NULL,1018.8,NULL
New York City,2021-08-06,25.5,21.1,31.1,0.0,0.0,233.0,7.4,NULL,1020.5,NULL
New York City,2021-08-07,25.8,22.8,31.1,0.1,0.0,243.0,7.6,NULL,1018.5,NULL
New York City,2021-08-08,22.2,20.0,24.4,9.8,0.0,39.0,14.3,NULL,1018.4,NULL
New York City,2021-08-09,23.7,21.7,27.2,3.0,0.0,33.0,9.4,NULL,1020.2,NULL
New York City,2021-08-10,25.1,22.2,30.0,8.4,0.0,18.0,5.4,NULL,1020.1,NULL
New York City,2021-08-11,27.1,23.3,34.4,5.7,0.0,249.0,8.3,NULL,1016.6,NULL
New York City,2021-08-12,28.5,23.9,34.4,0.4,0.0,261.0,9.3,NULL,1015.6,NULL
New York City,2021-08-13,30.1,25.6,35.0,0.2,0.0,254.0,8.9,NULL,1016.6,NULL
New York City,2021-08-14,28.8,25.6,32.2,3.5,0.0,280.0,7.8,NULL,1017.6,NULL
New York City,2021-08-15,25.9,22.8,30.6,0.0,0.0,72.0,10.5,NULL,1021.9,NULL
New York City,2021-08-16,24.7,22.2,27.8,0.0,0.0,122.0,11.2,NULL,1022.7,NULL
New York City,2021-08-17,24.8,23.3,27.2,0.1,0.0,157.0,11.3,NULL,1022.8,NULL
New York City,2021-08-18,25.4,23.9,27.8,1.1,0.0,139.0,10.0,NULL,1022.1,NULL
New York City,2021-08-19,27.0,24.4,30.6,4.6,0.0,243.0,17.0,NULL,1013.8,NULL
New York City,2021-08-20,26.2,24.4,28.9,2.5,0.0,295.0,5.3,NULL,1012.3,NULL
New York City,2021-08-21,25.6,23.3,28.3,45.6,0.0,30.0,6.4,NULL,1012.9,NULL
New York City,2021-08-22,23.2,22.2,24.4,65.4,0.0,302.0,11.1,NULL,1009.9,NULL
New York City,2021-08-23,25.2,22.2,30.6,34.7,0.0,265.0,12.9,NULL,1008.0,NULL
New York City,2021-08-24,28.6,23.9,33.9,0.2,0.0,290.0,6.0,NULL,1013.5,NULL
New York City,2021-08-25,28.9,24.4,34.4,0.0,0.0,299.0,4.6,NULL,1018.7,NULL
New York City,2021-08-26,29.0,25.0,34.4,0.0,0.0,232.0,7.7,NULL,1019.2,NULL
New York City,2021-08-27,28.0,25.0,33.3,7.2,0.0,279.0,6.2,NULL,1018.6,NULL
New York City,2021-08-28,23.7,20.6,27.2,8.2,0.0,45.0,21.2,NULL,1023.1,NULL
New York City,2021-08-29,22.4,20.6,25.0,0.6,0.0,39.0,11.0,NULL,1022.2,NULL
New York City,2021-08-30,25.9,22.8,31.1,7.1,0.0,245.0,6.7,NULL,1012.7,NULL
New York City,2021-08-31,27.0,24.4,31.1,0.0,0.0,303.0,5.3,NULL,1008.8,NULL
New York City,2021-09-01,22.8,19.0,25.0,59.6,0.0,24.0,16.4,NULL,1006.8,NULL
New York City,2021-09-02,21.6,17.2,27.2,12.8,0.0,352.0,7.5,NULL,1009.0,NULL
New York City,2021-09-03,21.1,16.7,26.1,0.2,0.0,287.0,7.8,NULL,1016.8,NULL
New York City,2021-09-04,22.5,18.3,27.2,0.0,0.0,258.0,8.5,NULL,1016.2,NULL
New York City,2021-09-05,22.3,20.0,23.9,0.9,0.0,227.0,11.3,NULL,1011.4,NULL
New York City,2021-09-06,24.9,21.7,29.4,0.9,0.0,270.0,11.3,NULL,1009.6,NULL
New York City,2021-09-07,24.0,20.0,28.9,0.0,0.0,242.0,8.0,NULL,1014.3,NULL
New York City,2021-09-08,24.8,21.7,28.9,2.9,0.0,217.0,14.0,NULL,1011.3,NULL
New York City,2021-09-09,22.1,21.1,24.4,12.6,0.0,265.0,6.1,NULL,1008.3,NULL
New York City,2021-09-10,22.1,18.3,26.1,0.2,0.0,325.0,4.1,NULL,1012.3,NULL
New York City,2021-09-11,22.1,17.8,26.7,0.2,0.0,252.0,11.7,NULL,1021.1,NULL
New York City,2021-09-12,23.9,20.0,28.3,0.0,0.0,252.0,19.1,NULL,1018.8,NULL
New York City,2021-09-13,26.2,21.1,31.1,4.5,0.0,282.0,8.8,NULL,1016.5,NULL
New York City,2021-09-14,23.6,21.1,27.2,0.0,0.0,165.0,7.5,NULL,1017.8,NULL
New York City,2021-09-15,25.9,22.2,30.6,1.9,0.0,250.0,8.2,NULL,1015.0,NULL
New York City,2021-09-16,23.8,22.2,26.1,3.5,0.0,40.0,16.4,NULL,1021.4,NULL
New York City,2021-09-17,22.8,21.1,25.6,1.3,0.0,39.0,18.1,NULL,1022.9,NULL
New York City,2021-09-18,25.2,21.7,30.0,0.8,0.0,349.0,6.6,NULL,1017.6,NULL
New York City,2021-09-19,23.2,18.9,26.7,0.1,0.0,19.0,6.5,NULL,1020.8,NULL
New York City,2021-09-20,21.8,19.4,25.6,0.0,0.0,209.0,8.1,NULL,1026.9,NULL
New York City,2021-09-21,22.3,18.9,26.7,0.7,0.0,86.0,10.6,NULL,1027.0,NULL
New York City,2021-09-22,24.2,22.2,27.2,1.3,0.0,160.0,11.0,NULL,1019.4,NULL
New York City,2021-09-23,24.0,20.0,27.2,18.1,0.0,148.0,15.3,NULL,1014.2,NULL
New York City,2021-09-24,19.9,15.0,25.0,16.6,0.0,263.0,9.5,NULL,1017.2,NULL
New York City,2021-09-25,21.4,17.8,26.1,0.0,0.0,323.0,6.0,NULL,1016.0,NULL
New York City,2021-09-26,20.8,17.2,25.0,0.2,0.0,273.0,8.6,NULL,1012.6,NULL
New York City,2021-09-27,21.7,17.2,27.2,0.0,0.0,252.0,17.9,NULL,1014.1,NULL
New York City,2021-09-28,20.9,18.9,23.9,13.2,0.0,268.0,10.4,NULL,1010.8,NULL
New York City,2021-09-29,18.4,14.4,22.2,0.0,0.0,311.0,8.5,NULL,1015.1,NULL
New York City,2021-09-30,17.9,16.1,20.0,0.0,0.0,340.0,5.1,NULL,1019.2,NULL
New York City,2021-10-01,16.7,12.8,20.0,0.0,0.0,278.0,8.1,NULL,1023.5,NULL
New York City,2021-10-02,19.4,14.4,25.0,0.0,0.0,264.0,11.1,NULL,1020.7,NULL
New York City,2021-10-03,21.5,16.1,26.7,0.0,0.0,252.0,7.0,NULL,1015.2,NULL
New York City,2021-10-04,20.6,17.8,22.2,9.8,0.0,23.0,13.9,NULL,1014.5,NULL
New York City,2021-10-05,17.9,16.7,18.9,0.2,0.0,43.0,14.4,NULL,1023.2,NULL
New York City,2021-10-06,19.3,17.2,21.7,0.1,0.0,41.0,7.1,NULL,1027.9,NULL
New York City,2021-10-07,20.8,18.3,25.6,0.9,0.0,267.0,5.7,NULL,1025.2,NULL
New York City,2021-10-08,21.1,17.8,26.1,0.2,0.0,6.0,8.3,NULL,1021.2,NULL
New York City,2021-10-09,18.9,17.2,20.6,1.1,0.0,42.0,20.8,NULL,1023.3,NULL
New York City,2021-10-10,18.4,17.8,20.6,5.7,0.0,32.0,23.1,NULL,1021.2,NULL
New York City,2021-10-11,20.0,17.8,23.9,0.2,0.0,38.0,20.6,NULL,1018.4,NULL
New York City,2021-10-12,19.5,17.8,22.8,0.1,0.0,10.0,10.8,NULL,1019.4,NULL
New York City,2021-10-13,19.6,18.3,20.6,0.1,0.0,256.0,6.8,NULL,1016.9,NULL
New York City,2021-10-14,22.0,17.8,27.8,1.2,0.0,321.0,5.8,NULL,1013.8,NULL
New York City,2021-10-15,22.5,19.4,27.2,0.0,0.0,223.0,4.6,NULL,1013.1,NULL
New York City,2021-10-16,21.4,15.6,26.1,7.4,0.0,234.0,10.1,NULL,1007.7,NULL
New York City,2021-10-17,15.3,12.8,18.9,0.7,0.0,275.0,12.1,NULL,1009.5,NULL
New York City,2021-10-18,13.3,11.1,17.2,0.0,0.0,293.0,8.4,NULL,1011.9,NULL
New York City,2021-10-19,15.1,10.0,21.1,0.0,0.0,261.0,14.1,NULL,1015.6,NULL
New York City,2021-10-20,20.0,15.6,26.7,0.0,0.0,261.0,13.8,NULL,1016.0,NULL
New York City,2021-10-21,19.9,16.1,25.6,0.0,0.0,235.0,9.8,NULL,1014.9,NULL
New York City,2021-10-22,19.1,16.1,22.2,1.0,0.0,265.0,12.0,NULL,1011.4,NULL
New York City,2021-10-23,14.4,12.2,17.2,0.5,0.0,341.0,9.3,NULL,1014.9,NULL
New York City,2021-10-24,13.6,10.6,16.1,0.0,0.0,266.0,6.5,NULL,1020.8,NULL
New York City,2021-10-25,19.7,15.6,23.9,7.0,0.0,5.0,5.6,NULL,1013.5,NULL
New York City,2021-10-26,16.0,14.4,18.9,54.4,0.0,359.0,13.7,NULL,997.8,NULL
New York City,2021-10-27,15.3,13.3,17.2,10.0,0.0,41.0,11.1,NULL,1004.2,NULL
New York City,2021-10-28,13.9,11.1,18.3,0.0,0.0,63.0,10.6,NULL,1014.1,NULL
New York City,2021-10-29,12.9,10.0,14.4,4.1,0.0,48.0,28.2,NULL,1010.8,NULL
New York City,2021-10-30,16.0,12.8,18.9,3.8,0.0,62.0,16.4,NULL,1003.2,NULL
New York City,2021-10-31,15.8,13.9,19.4,2.0,0.0,265.0,13.6,NULL,1002.5,NULL
New York City,2021-11-01,14.6,12.2,17.8,0.0,0.0,262.0,11.6,NULL,1016.9,NULL
New York City,2021-11-02,11.6,8.9,12.8,0.3,0.0,269.0,12.7,NULL,1022.6,NULL
New York City,2021-11-03,9.8,7.2,13.9,0.0,0.0,274.0,8.4,NULL,1024.4,NULL
New York City,2021-11-04,9.7,7.8,12.8,0.0,0.0,63.0,9.7,NULL,1027.0,NULL
New York City,2021-11-05,10.1,6.1,13.9,0.0,0.0,31.0,8.9,NULL,1027.5,NULL
New York City,2021-11-06,10.8,8.3,15.0,0.0,0.0,50.0,10.2,NULL,1029.1,NULL
New York City,2021-11-07,11.3,8.9,13.9,0.2,0.0,12.0,5.1,NULL,1022.5,NULL
New York City,2021-11-08,14.5,9.4,20.6,0.0,0.0,355.0,4.5,NULL,1020.0,NULL
New York City,2021-11-09,15.6,11.1,21.7,0.0,0.0,244.0,8.2,NULL,1018.9,NULL
New York City,2021-11-10,16.0,12.8,21.1,0.7,0.0,315.0,6.3,NULL,1018.9,NULL
New York City,2021-11-11,13.6,10.0,16.1,0.1,0.0,58.0,13.4,NULL,1025.1,NULL
New York City,2021-11-12,16.4,12.8,18.3,10.9,0.0,211.0,15.1,NULL,1014.9,NULL
New York City,2021-11-13,10.9,5.2,17.2,7.2,0.0,274.0,15.8,NULL,1009.4,NULL
New York City,2021-11-14,6.3,3.1,8.7,1.0,0.0,235.0,16.0,NULL,1012.5,NULL
New York City,2021-11-15,5.8,3.0,8.5,0.4,0.0,265.0,18.1,NULL,1010.0,NULL
New York City,2021-11-16,5.3,2.4,9.5,0.0,0.0,273.0,16.1,NULL,1020.3,NULL
New York City,2021-11-17,8.1,1.5,12.8,0.0,0.0,154.0,12.5,NULL,1024.2,NULL
New York City,2021-11-18,13.7,10.2,18.5,0.9,0.0,225.0,17.4,NULL,1016.5,NULL
New York City,2021-11-19,6.7,3.8,9.8,3.8,0.0,295.0,19.5,NULL,1023.8,NULL
New York City,2021-11-20,4.7,0.4,7.2,0.0,0.0,255.0,8.6,NULL,1033.2,NULL
New York City,2021-11-21,8.8,5.0,12.1,0.3,0.0,209.0,10.4,NULL,1024.1,NULL
New York City,2021-11-22,8.4,2.2,12.0,1.3,0.0,289.0,17.6,NULL,1011.9,NULL
New York City,2021-11-23,2.2,-0.2,5.8,0.1,0.0,323.0,20.8,NULL,1016.9,NULL
New York City,2021-11-24,2.5,-1.0,7.1,0.0,0.0,298.0,13.1,NULL,1025.8,NULL
New York City,2021-11-25,5.9,1.4,11.1,0.0,0.0,242.0,10.5,NULL,1017.2,NULL
New York City,2021-11-26,5.7,1.7,7.4,7.3,0.0,269.0,20.1,NULL,1004.2,NULL
New York City,2021-11-27,2.4,0.7,5.3,0.0,0.0,291.0,19.7,NULL,1011.0,NULL
New York City,2021-11-28,2.7,0.9,4.9,1.5,0.0,283.0,5.6,NULL,1011.7,NULL
New York City,2021-11-29,2.8,-0.2,5.6,0.0,0.0,310.0,15.1,NULL,1012.4,NULL
New York City,2021-11-30,1.5,-2.2,4.1,0.4,0.0,248.0,9.0,NULL,1015.8,NULL
New York City,2021-12-01,4.8,1.6,8.6,0.0,0.0,242.0,12.3,NULL,1019.8,NULL
New York City,2021-12-02,10.4,6.9,13.8,4.4,0.0,215.0,20.5,NULL,1008.3,NULL
New York City,2021-12-03,5.0,0.9,8.2,0.0,0.0,307.0,18.0,NULL,1013.7,NULL
New York City,2021-12-04,4.6,-0.5,9.1,0.0,0.0,241.0,8.5,NULL,1019.9,NULL
New York City,2021-12-05,4.6,0.7,9.1,0.0,0.0,359.0,8.3,NULL,1027.1,NULL
New York City,2021-12-06,12.9,8.2,16.4,2.9,0.0,195.0,24.7,NULL,1011.0,NULL
New York City,2021-12-07,3.2,0.9,6.0,0.0,0.0,273.0,13.0,NULL,1020.6,NULL
New York City,2021-12-08,2.8,0.7,4.8,1.1,0.0,334.0,6.7,NULL,1016.5,NULL
New York City,2021-12-09,1.6,-1.5,3.9,0.0,0.0,285.0,11.9,NULL,1021.7,NULL
New York City,2021-12-10,5.4,3.3,8.4,0.0,0.0,177.0,8.7,NULL,1021.5,NULL
New York City,2021-12-11,12.6,5.3,17.9,12.7,0.0,193.0,22.7,NULL,1008.8,NULL
New York City,2021-12-12,6.2,3.4,10.3,0.0,0.0,279.0,19.8,NULL,1019.0,NULL
New York City,2021-12-13,5.7,2.5,10.3,0.0,0.0,245.0,17.5,NULL,1024.6,NULL
New York City,2021-12-14,5.8,3.0,10.3,0.0,0.0,340.0,12.4,NULL,1032.0,NULL
New York City,2021-12-15,7.2,2.3,11.9,0.4,0.0,110.0,15.0,NULL,1034.2,NULL
New York City,2021-12-16,12.1,10.1,14.4,0.0,0.0,226.0,20.9,NULL,1018.6,NULL
New York City,2021-12-17,10.7,6.3,13.3,0.3,0.0,271.0,15.6,NULL,1018.8,NULL
New York City,2021-12-18,6.3,4.8,8.4,1.8,0.0,48.0,9.2,NULL,1018.5,NULL
New York City,2021-12-19,3.8,-2.2,8.6,0.3,0.0,324.0,20.9,NULL,1016.9,NULL
New York City,2021-12-20,-1.2,-4.2,1.7,0.0,0.0,295.0,10.7,NULL,1026.4,NULL
New York City,2021-12-21,1.9,-1.8,5.8,0.2,0.0,180.0,7.7,NULL,1018.2,NULL
New York City,2021-12-22,4.3,-0.3,8.5,6.8,0.0,312.0,17.8,NULL,1005.5,NULL
New York City,2021-12-23,0.1,-2.1,2.3,0.0,0.0,283.0,12.8,NULL,1020.6,NULL
New York City,2021-12-24,2.6,0.1,6.5,0.8,0.0,71.0,7.0,NULL,1017.8,NULL
New York City,2021-12-25,7.0,2.8,9.5,10.8,0.0,235.0,10.4,NULL,1003.0,NULL
New York City,2021-12-26,6.0,2.9,8.3,0.0,0.0,316.0,18.5,NULL,1011.6,NULL
New York City,2021-12-27,1.4,-0.6,4.1,5.3,0.0,33.0,8.9,NULL,1017.2,NULL
New York City,2021-12-28,6.1,3.7,9.0,3.4,0.0,297.0,8.0,NULL,1010.3,NULL
New York City,2021-12-29,6.3,4.4,9.9,7.7,0.0,49.0,9.4,NULL,1012.0,NULL
New York City,2021-12-30,6.4,4.1,9.9,1.7,0.0,33.0,5.7,NULL,1013.9,NULL
New York City,2021-12-31,8.2,5.7,10.1,0.3,0.0,218.0,8.0,NULL,1013.9,NULL
New York City,2022-01-01,9.7,6.4,11.6,24.0,0.0,150.0,7.8,NULL,1008.1,NULL
New York City,2022-01-02,9.1,1.8,13.4,5.2,0.0,315.0,15.7,NULL,1005.6,NULL
New York City,2022-01-03,-1.9,-4.6,1.3,2.5,0.0,1.0,22.7,NULL,1019.4,NULL
New York City,2022-01-04,-2.8,-6.2,0.8,0.0,0.0,270.0,11.1,NULL,1028.1,NULL
New York City,2022-01-05,3.0,-1.5,7.9,3.3,0.0,224.0,13.3,NULL,1014.3,NULL
New York City,2022-01-06,1.5,-0.4,3.2,0.0,0.0,269.0,14.7,NULL,1011.8,NULL
New York City,2022-01-07,-1.2,-5.4,0.9,8.1,130.0,320.0,20.5,NULL,1012.4,NULL
New York City,2022-01-08,-6.0,-8.3,-3.4,0.0,100.0,270.0,12.0,NULL,1033.4,NULL
New York City,2022-01-09,1.5,-4.5,5.0,3.2,50.0,225.0,17.6,NULL,1023.1,NULL
New York City,2022-01-10,-2.1,-4.7,4.1,0.0,0.0,289.0,20.6,NULL,1020.2,NULL
New York City,2022-01-11,-7.2,-9.3,-4.8,0.0,0.0,336.0,18.1,NULL,1031.2,NULL
New York City,2022-01-12,-1.2,-6.2,5.0,0.0,0.0,218.0,16.1,NULL,1023.3,NULL
New York City,2022-01-13,1.1,-3.3,7.4,0.0,0.0,321.0,7.3,NULL,1015.6,NULL
New York City,2022-01-14,1.3,-6.1,5.4,0.0,0.0,359.0,24.2,NULL,1009.8,NULL
New York City,2022-01-15,-8.2,-11.2,-4.9,0.0,0.0,355.0,18.2,NULL,1024.4,NULL
New York City,2022-01-16,-4.4,-12.3,5.0,5.1,0.0,51.0,15.6,NULL,1024.6,NULL
New York City,2022-01-17,3.8,0.1,9.3,27.1,0.0,210.0,31.6,NULL,989.7,NULL
New York City,2022-01-18,-1.0,-4.5,1.9,0.0,0.0,301.0,21.7,NULL,1012.0,NULL
New York City,2022-01-19,2.3,-4.8,7.5,0.0,0.0,206.0,16.8,NULL,1018.4,NULL
New York City,2022-01-20,-0.1,-7.5,4.2,7.8,0.0,315.0,18.1,NULL,1021.6,NULL
New York City,2022-01-21,-8.7,-12.1,-5.2,0.0,0.0,2.0,20.2,NULL,1033.2,NULL
New York City,2022-01-22,-6.5,-12.0,-1.4,0.0,0.0,347.0,12.6,NULL,1027.2,NULL
New York City,2022-01-23,-2.0,-5.4,2.5,0.1,0.0,239.0,12.1,NULL,1012.9,NULL
New York City,2022-01-24,-1.8,-3.9,0.4,0.1,0.0,339.0,10.5,NULL,1011.8,NULL
New York City,2022-01-25,1.3,-3.9,6.6,0.0,0.0,260.0,12.2,NULL,1014.3,NULL
New York City,2022-01-26,-5.6,-7.6,-2.8,0.0,0.0,336.0,14.5,NULL,1027.4,NULL
New York City,2022-01-27,-4.5,-9.2,0.4,0.0,0.0,145.0,11.0,NULL,1029.2,NULL
New York City,2022-01-28,-1.2,-2.9,0.9,2.0,0.0,294.0,8.8,NULL,1019.6,NULL
New York City,2022-01-29,-8.8,-12.4,-1.9,17.6,130.0,334.0,29.7,NULL,1007.4,NULL
New York City,2022-01-30,-10.3,-12.7,-6.1,0.0,150.0,282.0,14.9,NULL,1016.3,NULL
New York City,2022-01-31,-10.7,-16.1,-4.6,0.0,150.0,13.0,8.6,NULL,1027.7,NULL
New York City,2022-02-01,-3.2,-12.3,4.4,0.0,130.0,34.0,13.0,NULL,1034.0,NULL
New York City,2022-02-02,4.1,1.1,8.3,0.0,100.0,36.0,8.6,NULL,1030.6,NULL
New York City,2022-02-03,6.9,5.0,10.0,8.7,50.0,314.0,4.8,NULL,1023.5,NULL
New York City,2022-02-04,5.2,-1.1,12.8,13.7,0.0,0.0,11.1,NULL,1013.3,NULL
New York City,2022-02-05,-2.7,-5.0,0.6,0.1,0.0,331.0,5.8,NULL,1025.0,NULL
New York City,2022-02-06,-2.7,-6.7,1.7,0.0,0.0,75.0,9.2,NULL,1036.0,NULL
New York City,2022-02-07,2.3,0.6,3.9,4.2,0.0,44.0,9.5,NULL,1025.1,NULL
New York City,2022-02-08,4.0,0.6,8.9,0.4,0.0,274.0,9.7,NULL,1014.4,NULL
New York City,2022-02-09,3.1,-1.1,7.8,0.0,0.0,234.0,8.5,NULL,1017.7,NULL
New York City,2022-02-10,7.4,3.9,12.2,0.1,0.0,268.0,12.0,NULL,1012.2,NULL
New York City,2022-02-11,8.3,-1.2,13.3,0.0,0.0,230.0,8.2,NULL,1014.8,NULL
New York City,2022-02-12,11.0,6.7,13.9,0.0,0.0,266.0,14.0,NULL,1014.4,NULL
New York City,2022-02-13,1.3,-1.7,6.1,4.5,30.0,42.0,10.4,NULL,1019.9,NULL
New York City,2022-02-14,-4.0,-6.7,-0.6,0.0,30.0,294.0,9.6,NULL,1022.1,NULL
New York City,2022-02-15,-3.3,-7.2,1.1,0.2,0.0,251.0,11.6,NULL,1037.1,NULL
New York City,2022-02-16,3.1,-1.7,6.7,0.0,0.0,217.0,9.8,NULL,1037.3,NULL
New York City,2022-02-17,13.1,8.9,17.8,3.2,0.0,246.0,15.2,NULL,1019.5,NULL
New York City,2022-02-18,7.9,-0.6,15.6,10.3,0.0,284.0,14.2,NULL,1007.4,NULL
New York City,2022-02-19,0.3,-2.8,5.6,0.0,0.0,274.0,13.3,NULL,1017.6,NULL
New York City,2022-02-20,-1.0,-5.0,3.9,0.0,0.0,239.0,14.0,NULL,1029.9,NULL
New York City,2022-02-21,5.3,0.6,12.8,0.0,0.0,240.0,8.1,NULL,1027.6,NULL
New York City,2022-02-22,8.9,3.9,13.9,6.5,0.0,18.0,13.5,NULL,1023.0,NULL
New York City,2022-02-23,13.8,3.9,19.4,0.0,0.0,277.0,12.1,NULL,1016.1,NULL
New York City,2022-02-24,1.1,0.0,2.8,0.2,0.0,30.0,11.5,NULL,1030.6,NULL
New York City,2022-02-25,1.7,-1.7,6.1,11.2,0.0,354.0,14.8,NULL,1020.9,NULL
New York City,2022-02-26,-0.1,-3.3,3.9,0.0,0.0,264.0,12.0,NULL,1028.9,NULL
New York City,2022-02-27,3.5,-1.1,9.4,0.7,0.0,273.0,18.9,NULL,1017.1,NULL
New York City,2022-02-28,1.3,-1.1,4.4,0.0,0.0,317.0,8.9,NULL,1024.1,NULL
New York City,2022-03-01,4.4,0.6,7.8,0.2,0.0,202.0,10.7,NULL,1020.9,NULL
New York City,2022-03-02,7.9,5.0,12.2,0.0,0.0,266.0,9.4,NULL,1015.0,NULL
New York City,2022-03-03,4.7,-3.0,7.2,1.9,0.0,295.0,10.3,NULL,1018.2,NULL
New York City,2022-03-04,-0.4,-5.0,4.4,0.0,0.0,250.0,11.8,NULL,1032.9,NULL
New York City,2022-03-05,4.1,0.6,7.8,0.0,0.0,200.0,7.7,NULL,1031.9,NULL
New York City,2022-03-06,12.4,6.1,18.3,1.9,0.0,284.0,15.1,NULL,1017.6,NULL
New York City,2022-03-07,17.8,13.9,20.6,4.1,0.0,262.0,15.5,NULL,1007.1,NULL
New York City,2022-03-08,7.3,5.0,11.7,0.2,0.0,308.0,8.4,NULL,1017.7,NULL
New York City,2022-03-09,3.5,2.2,5.6,11.4,0.0,41.0,13.3,NULL,1017.7,NULL
New York City,2022-03-10,5.0,1.7,9.4,0.0,0.0,257.0,7.5,NULL,1021.2,NULL
New York City,2022-03-11,7.2,3.3,12.2,0.2,0.0,209.0,7.7,NULL,1017.7,NULL
New York City,2022-03-12,2.9,-3.3,8.3,13.8,0.0,324.0,6.5,NULL,999.2,NULL
New York City,2022-03-13,-1.4,-4.4,2.2,0.0,0.0,263.0,19.0,NULL,1020.7,NULL
New York City,2022-03-14,6.8,0.0,13.3,0.0,0.0,257.0,10.2,NULL,1028.3,NULL
New York City,2022-03-15,11.9,6.7,18.9,0.5,0.0,276.0,7.0,NULL,1023.4,NULL
New York City,2022-03-16,12.9,8.9,18.3,0.7,0.0,225.0,9.1,NULL,1022.3,NULL
New York City,2022-03-17,9.5,7.2,11.7,2.2,0.0,35.0,17.8,NULL,1016.9,NULL
New York City,2022-03-18,13.2,9.4,21.7,0.2,0.0,238.0,7.4,NULL,1015.6,NULL
New York City,2022-03-19,14.0,8.9,20.0,17.9,0.0,33.0,8.2,NULL,1010.1,NULL
New York City,2022-03-20,12.2,8.3,13.9,0.2,0.0,284.0,10.5,NULL,1008.8,NULL
New York City,2022-03-21,11.8,7.2,18.3,0.9,0.0,293.0,7.7,NULL,1017.4,NULL
New York City,2022-03-22,11.5,7.8,15.6,0.0,0.0,292.0,6.2,NULL,1021.2,NULL
New York City,2022-03-23,6.8,5.0,9.0,4.1,0.0,59.0,17.9,NULL,1023.5,NULL
New York City,2022-03-24,6.4,5.0,8.3,15.6,0.0,33.0,27.1,NULL,1013.1,NULL
New York City,2022-03-25,10.1,7.2,13.9,1.0,0.0,273.0,12.9,NULL,1003.4,NULL
New York City,2022-03-26,9.6,7.0,12.0,1.8,0.0,262.0,16.6,NULL,999.0,NULL
New York City,2022-03-27,5.1,1.1,8.3,0.2,0.0,280.0,11.3,NULL,1004.1,NULL
New York City,2022-03-28,-1.0,-3.3,1.7,1.7,0.0,301.0,9.6,NULL,1013.4,NULL
New York City,2022-03-29,0.4,-2.8,3.9,0.2,0.0,306.0,11.4,NULL,1020.5,NULL
New York City,2022-03-30,1.7,-2.8,6.3,0.0,0.0,246.0,11.8,NULL,1022.4,NULL
New York City,2022-03-31,13.1,4.9,17.9,3.0,0.0,193.0,24.7,NULL,1006.4,NULL
New York City,2022-04-01,11.1,5.6,15.3,1.5,0.0,279.0,25.0,NULL,1003.2,NULL
New York City,2022-04-02,5.6,1.4,11.0,0.0,0.0,268.0,16.4,NULL,1017.0,NULL
New York City,2022-04-03,5.7,3.9,8.0,5.3,0.0,187.0,10.4,NULL,1010.1,NULL
New York City,2022-04-04,7.3,3.1,12.3,0.0,0.0,305.0,17.5,NULL,1014.6,NULL
New York City,2022-04-05,6.9,3.3,10.8,0.3,0.0,137.0,9.5,NULL,1017.3,NULL
New York City,2022-04-06,8.8,6.9,11.1,17.7,0.0,42.0,23.9,NULL,1010.3,NULL
New York City,2022-04-07,9.4,7.8,11.1,21.2,0.0,60.0,23.0,NULL,1007.8,NULL
New York City,2022-04-08,13.2,9.4,17.2,14.7,0.0,266.0,10.8,NULL,1002.7,NULL
New York City,2022-04-09,10.5,8.3,13.3,4.2,0.0,273.0,10.2,NULL,1004.1,NULL
New York City,2022-04-10,8.7,6.1,11.7,1.1,0.0,300.0,7.0,NULL,1008.9,NULL
New York City,2022-04-11,9.8,5.6,15.0,0.4,0.0,239.0,7.1,NULL,1018.7,NULL
New York City,2022-04-12,14.4,8.9,22.8,0.7,0.0,277.0,7.1,NULL,1016.7,NULL
New York City,2022-04-13,15.3,11.7,19.4,0.2,0.0,42.0,10.0,NULL,1015.9,NULL
New York City,2022-04-14,20.1,13.9,28.3,3.9,0.0,298.0,9.9,NULL,1008.5,NULL
New York City,2022-04-15,15.4,11.1,20.6,0.2,0.0,230.0,12.5,NULL,1018.7,NULL
New York City,2022-04-16,14.8,8.3,21.1,1.7,0.0,269.0,10.9,NULL,1013.8,NULL
New York City,2022-04-17,8.7,6.1,12.2,0.9,0.0,307.0,6.9,NULL,1020.0,NULL
New York City,2022-04-18,8.0,5.6,10.6,5.2,0.0,58.0,16.7,NULL,1024.9,NULL
New York City,2022-04-19,7.8,5.6,10.0,22.7,0.0,296.0,20.7,NULL,1007.1,NULL
New York City,2022-04-20,10.6,6.1,16.7,0.0,0.0,283.0,13.5,NULL,1025.9,NULL
New York City,2022-04-21,11.1,8.3,13.9,2.4,0.0,156.0,13.4,NULL,1031.0,NULL
New York City,2022-04-22,15.9,11.1,21.7,0.0,0.0,284.0,7.7,NULL,1027.9,NULL
New York City,2022-04-23,13.6,11.1,16.7,0.2,0.0,36.0,10.7,NULL,1028.0,NULL
New York City,2022-04-24,12.8,9.4,16.7,0.0,0.0,79.0,12.6,NULL,1024.5,NULL
New York City,2022-04-25,11.3,8.9,13.9,0.2,0.0,76.0,12.5,NULL,1024.3,NULL
New York City,2022-04-26,12.8,11.1,15.0,2.6,0.0,47.0,9.3,NULL,1018.1,NULL
New York City,2022-04-27,11.2,7.2,13.9,0.7,0.0,299.0,7.3,NULL,1014.6,NULL
New York City,2022-04-28,9.7,5.6,15.6,0.2,0.0,324.0,6.5,NULL,1016.5,NULL
New York City,2022-04-29,11.9,6.1,18.3,0.2,0.0,299.0,7.5,NULL,1018.7,NULL
New York City,2022-04-30,13.4,8.3,20.6,0.7,0.0,276.0,7.6,NULL,1019.8,NULL
New York City,2022-05-01,13.8,9.4,20.0,1.8,0.0,114.0,9.1,NULL,1019.8,NULL
New York City,2022-05-02,12.4,11.7,13.3,5.6,0.0,40.0,12.0,NULL,1017.8,NULL
New York City,2022-05-03,13.3,11.1,17.2,0.0,0.0,68.0,12.3,NULL,1020.9,NULL
New York City,2022-05-04,13.1,10.0,17.8,3.1,0.0,15.0,8.6,NULL,1016.0,NULL
New York City,2022-05-05,17.3,13.9,21.7,0.4,0.0,308.0,6.8,NULL,1017.9,NULL
New York City,2022-05-06,13.2,10.6,15.6,19.5,0.0,51.0,9.4,NULL,1014.1,NULL
New York City,2022-05-07,9.7,8.9,11.0,16.5,0.0,35.0,26.7,NULL,1010.8,NULL
New York City,2022-05-08,11.4,8.3,15.0,3.9,0.0,36.0,22.8,NULL,1018.8,NULL
New York City,2022-05-09,14.8,9.4,21.1,0.0,0.0,39.0,23.2,NULL,1023.3,NULL
New York City,2022-05-10,16.3,12.2,21.7,0.5,0.0,40.0,22.3,NULL,1026.7,NULL
New York City,2022-05-11,16.5,13.3,22.8,0.0,0.0,46.0,14.7,NULL,1025.0,NULL
New York City,2022-05-12,17.0,13.3,21.1,0.0,0.0,19.0,11.7,NULL,1025.9,NULL
New York City,2022-05-13,16.8,14.0,21.1,2.5,0.0,41.0,11.6,NULL,1024.6,NULL
New York City,2022-05-14,16.8,13.9,20.6,7.0,0.0,297.0,5.7,NULL,1018.8,NULL
New York City,2022-05-15,18.4,14.0,25.6,0.2,0.0,323.0,4.8,NULL,1012.1,NULL
New York City,2022-05-16,19.9,17.2,24.0,2.0,0.0,249.0,8.0,NULL,1005.4,NULL
New York City,2022-05-17,19.4,14.4,25.0,0.0,0.0,274.0,9.5,NULL,1008.3,NULL
New York City,2022-05-18,17.9,13.9,22.8,0.0,0.0,289.0,7.3,NULL,1013.9,NULL
New York City,2022-05-19,15.2,12.8,20.0,14.5,0.0,100.0,7.5,NULL,1009.1,NULL
New York City,2022-05-20,16.8,13.3,20.6,1.4,0.0,54.0,11.6,NULL,1013.8,NULL
New York City,2022-05-21,23.4,16.0,32.2,0.0,0.0,272.0,5.9,NULL,1016.0,NULL
New York City,2022-05-22,26.4,23.3,31.1,5.7,0.0,253.0,8.0,NULL,1015.7,NULL
New York City,2022-05-23,20.6,16.7,24.4,0.2,0.0,30.0,10.2,NULL,1021.4,NULL
New York City,2022-05-24,17.2,15.0,20.6,3.4,0.0,93.0,13.0,NULL,1025.8,NULL
New York City,2022-05-25,16.1,13.9,20.6,0.5,0.0,84.0,10.6,NULL,1028.7,NULL
New York City,2022-05-26,17.2,13.9,20.6,0.0,0.0,146.0,11.6,NULL,1024.8,NULL
New York City,2022-05-27,20.5,17.8,26.1,7.5,0.0,223.0,5.9,NULL,1013.7,NULL
New York City,2022-05-28,20.8,18.0,24.4,10.2,0.0,264.0,7.7,NULL,1008.1,NULL
New York City,2022-05-29,21.2,17.2,26.1,0.0,0.0,288.0,6.1,NULL,1017.6,NULL
New York City,2022-05-30,23.7,17.8,30.0,0.0,0.0,264.0,6.2,NULL,1018.9,NULL
New York City,2022-05-31,27.7,20.0,33.9,0.0,0.0,328.0,8.4,NULL,1014.5,NULL
New York City,2022-06-01,18.2,16.1,21.3,1.3,0.0,96.0,15.9,NULL,1013.7,NULL
New York City,2022-06-02,20.3,16.2,27.2,21.3,0.0,220.0,6.4,NULL,1007.3,NULL
New York City,2022-06-03,20.5,18.3,24.8,0.4,0.0,55.0,7.6,NULL,1007.6,NULL
New York City,2022-06-04,20.6,14.5,25.6,0.0,0.0,336.0,7.4,NULL,1011.4,NULL
New York City,2022-06-05,20.9,17.2,25.6,0.5,0.0,166.0,10.0,NULL,1015.7,NULL
New York City,2022-06-06,22.2,18.3,26.7,0.0,0.0,230.0,12.0,NULL,1017.4,NULL
New York City,2022-06-07,21.0,17.8,25.6,1.9,0.0,212.0,14.9,NULL,1017.1,NULL
New York City,2022-06-08,24.1,19.4,28.9,2.4,0.0,259.0,12.8,NULL,1011.4,NULL
New York City,2022-06-09,23.9,20.6,28.3,8.6,0.0,283.0,13.0,NULL,1004.8,NULL
New York City,2022-06-10,22.3,17.2,26.7,0.2,0.0,260.0,10.3,NULL,1010.7,NULL
New York City,2022-06-11,21.9,19.4,24.4,0.3,0.0,168.0,8.1,NULL,1013.3,NULL
New York City,2022-06-12,20.0,18.0,23.9,7.6,0.0,195.0,9.9,NULL,1014.9,NULL
New York City,2022-06-13,24.4,20.0,30.0,0.7,0.0,277.0,5.8,NULL,1012.7,NULL
New York City,2022-06-14,24.1,21.1,28.3,0.0,0.0,50.0,10.4,NULL,1013.1,NULL
New York City,2022-06-15,22.8,19.4,27.2,0.0,0.0,116.0,9.8,NULL,1019.0,NULL
New York City,2022-06-16,20.1,17.2,22.2,4.4,0.0,184.0,12.7,NULL,1019.7,NULL
New York City,2022-06-17,26.1,19.9,32.2,0.2,0.0,264.0,10.9,NULL,1006.5,NULL
New York City,2022-06-18,19.3,16.0,21.5,0.0,0.0,317.0,25.2,NULL,1006.5,NULL
New York City,2022-06-19,17.8,13.4,22.7,0.0,0.0,321.0,23.1,NULL,1013.8,NULL
New York City,2022-06-20,20.0,13.6,26.6,0.0,0.0,299.0,13.1,NULL,1018.9,NULL
New York City,2022-06-21,20.2,15.2,25.3,1.8,0.0,254.0,6.4,NULL,1019.4,NULL
New York City,2022-06-22,19.0,17.1,21.7,15.9,0.0,132.0,16.7,NULL,1016.4,NULL
New York City,2022-06-23,19.5,17.3,22.2,0.5,0.0,131.0,14.9,NULL,1014.7,NULL
New York City,2022-06-24,20.3,15.3,24.5,0.0,0.0,192.0,9.1,NULL,1016.3,NULL
New York City,2022-06-25,24.1,18.5,31.2,0.0,0.0,235.0,9.8,NULL,1018.7,NULL
New York City,2022-06-26,24.7,20.4,29.6,0.0,0.0,205.0,18.4,NULL,1017.8,NULL
New York City,2022-06-27,23.7,21.3,27.8,12.5,0.0,222.0,15.4,NULL,1014.2,NULL
New York City,2022-06-28,22.2,19.4,27.5,0.0,0.0,316.0,11.0,NULL,1019.7,NULL
New York City,2022-06-29,23.0,17.0,28.3,0.6,0.0,229.0,9.0,NULL,1022.8,NULL
New York City,2022-06-30,25.9,21.1,31.7,1.2,0.0,254.0,8.8,NULL,1021.6,NULL
New York City,2022-07-01,27.3,22.2,33.3,0.0,0.0,256.0,11.0,NULL,1016.8,NULL
New York City,2022-07-02,27.4,24.4,31.1,15.4,0.0,267.0,8.0,NULL,1012.8,NULL
New York City,2022-07-03,26.8,23.9,30.0,0.0,0.0,16.0,7.4,NULL,1016.1,NULL
New York City,2022-07-04,25.0,20.0,29.4,0.5,0.0,271.0,7.1,NULL,1020.4,NULL
New York City,2022-07-05,24.6,21.7,30.0,0.8,0.0,237.0,10.8,NULL,1016.1,NULL
New York City,2022-07-06,26.8,23.3,31.1,0.0,0.0,287.0,10.9,NULL,1010.8,NULL
New York City,2022-07-07,24.5,21.7,27.8,0.4,0.0,92.0,14.3,NULL,1015.6,NULL
New York City,2022-07-08,23.3,20.6,28.9,2.2,0.0,296.0,5.5,NULL,1015.9,NULL
New York City,2022-07-09,25.1,22.8,29.4,0.5,0.0,348.0,8.3,NULL,1016.7,NULL
New York City,2022-07-10,23.8,20.6,28.3,0.0,0.0,120.0,13.3,NULL,1018.0,NULL
New York City,2022-07-11,23.4,19.4,27.8,0.0,0.0,219.0,12.1,NULL,1014.2,NULL
New York City,2022-07-12,26.2,21.1,31.7,16.9,0.0,237.0,15.8,NULL,1008.4,NULL
New York City,2022-07-13,27.6,21.9,32.8,0.0,0.0,273.0,7.1,NULL,1011.4,NULL
New York City,2022-07-14,27.3,22.8,32.2,0.2,0.0,14.0,6.4,NULL,1014.6,NULL
New York City,2022-07-15,25.8,23.3,28.9,0.1,0.0,113.0,12.7,NULL,1020.3,NULL
New York City,2022-07-16,24.8,22.8,28.9,3.4,0.0,126.0,7.9,NULL,1019.2,NULL
New York City,2022-07-17,25.7,22.2,29.4,0.3,0.0,266.0,6.1,NULL,1016.8,NULL
New York City,2022-07-18,26.7,24.0,28.9,4.6,0.0,247.0,8.3,NULL,1012.0,NULL
New York City,2022-07-19,28.6,23.3,33.9,0.0,0.0,262.0,14.9,NULL,1008.3,NULL
New York City,2022-07-20,29.9,25.6,33.9,0.2,0.0,234.0,9.6,NULL,1007.8,NULL
New York City,2022-07-21,29.7,26.0,34.4,5.6,0.0,253.0,12.3,NULL,1005.1,NULL
New York City,2022-07-22,29.7,26.1,34.4,0.0,0.0,261.0,9.3,NULL,1011.2,NULL
New York City,2022-07-23,30.1,26.1,35.6,0.0,0.0,287.0,5.9,NULL,1015.8,NULL
New York City,2022-07-24,30.7,26.1,35.0,0.7,0.0,247.0,13.2,NULL,1015.5,NULL
New York City,2022-07-25,28.1,26.7,30.0,4.8,0.0,264.0,10.8,NULL,1011.8,NULL
New York City,2022-07-26,25.8,23.3,29.4,0.2,0.0,277.0,10.1,NULL,1015.4,NULL
New York City,2022-07-27,25.9,23.3,30.6,0.9,0.0,267.0,7.9,NULL,1013.9,NULL
New York City,2022-07-28,26.7,23.2,29.9,6.6,0.0,222.0,12.3,NULL,1010.2,NULL
New York City,2022-07-29,26.7,22.8,30.2,0.0,0.0,251.0,11.4,NULL,1012.0,NULL
New York City,2022-07-30,26.8,22.6,31.7,0.0,0.0,325.0,12.9,NULL,1015.7,NULL
New York City,2022-07-31,24.6,19.8,28.4,0.1,0.0,114.0,11.6,NULL,1020.4,NULL
New York City,2022-08-01,23.4,21.1,25.8,2.7,0.0,159.0,9.0,NULL,1014.0,NULL
New York City,2022-08-02,26.7,21.8,32.5,0.0,0.0,225.0,10.6,NULL,1009.5,NULL
New York City,2022-08-03,25.7,21.3,31.3,0.0,0.0,276.0,13.3,NULL,1014.5,NULL
New York City,2022-08-04,27.4,22.1,31.9,0.0,0.0,204.0,16.2,NULL,1016.6,NULL
New York City,2022-08-05,27.5,23.7,32.1,0.0,0.0,231.0,12.0,NULL,1019.3,NULL
New York City,2022-08-06,28.2,23.6,32.8,1.0,0.0,230.0,12.8,NULL,1022.2,NULL
New York City,2022-08-07,28.6,26.0,31.7,2.4,0.0,246.0,14.2,NULL,1020.6,NULL
New York City,2022-08-08,29.5,25.6,33.9,0.2,0.0,243.0,12.0,NULL,1015.6,NULL
New York City,2022-08-09,30.8,26.7,36.1,12.1,0.0,272.0,11.1,NULL,1013.0,NULL
New York City,2022-08-10,27.5,25.0,30.6,0.1,0.0,46.0,10.0,NULL,1016.3,NULL
New York City,2022-08-11,26.6,23.8,31.8,7.5,0.0,315.0,6.3,NULL,1012.7,NULL
New York City,2022-08-12,25.2,21.6,29.1,0.0,0.0,23.0,9.1,NULL,1015.5,NULL
New York City,2022-08-13,22.6,18.1,27.3,0.0,0.0,29.0,8.9,NULL,1018.9,NULL
New York City,2022-08-14,22.3,17.7,25.9,0.0,0.0,222.0,10.1,NULL,1018.1,NULL
New York City,2022-08-15,22.7,18.2,27.0,0.0,0.0,196.0,7.5,NULL,1016.0,NULL
New York City,2022-08-16,22.9,18.6,27.7,0.2,0.0,72.0,15.3,NULL,1016.4,NULL
New York City,2022-08-17,23.0,18.8,26.9,0.2,0.0,16.0,8.8,NULL,1015.8,NULL
New York City,2022-08-18,24.0,17.9,29.9,0.0,0.0,281.0,6.8,NULL,1013.3,NULL
New York City,2022-08-19,24.9,19.0,31.0,0.7,0.0,230.0,10.3,NULL,1018.0,NULL
New York City,2022-08-20,25.6,21.9,29.8,0.3,0.0,201.0,10.1,NULL,1021.1,NULL
New York City,2022-08-21,24.5,20.5,27.5,0.2,0.0,159.0,9.6,NULL,1019.9,NULL
New York City,2022-08-22,23.1,21.9,24.6,20.6,0.0,95.0,9.0,NULL,1013.4,NULL
New York City,2022-08-23,23.7,20.3,27.9,1.1,0.0,269.0,9.0,NULL,1010.2,NULL
New York City,2022-08-24,25.1,20.2,31.2,0.4,0.0,251.0,8.3,NULL,1014.7,NULL
New York City,2022-08-25,25.5,20.2,31.0,1.1,0.0,253.0,7.2,NULL,1017.0,NULL
New York City,2022-08-26,25.5,22.0,29.8,5.8,0.0,232.0,9.0,NULL,1014.0,NULL
New York City,2022-08-27,25.0,21.1,29.9,0.0,0.0,11.0,10.8,NULL,1015.5,NULL
New York City,2022-08-28,24.3,22.2,27.3,0.4,0.0,95.0,13.3,NULL,1020.9,NULL
New York City,2022-08-29,25.0,22.0,28.2,0.2,0.0,200.0,9.4,NULL,1019.5,NULL
New York City,2022-08-30,25.3,22.1,29.2,3.3,0.0,209.0,14.0,NULL,1012.5,NULL
New York City,2022-08-31,24.9,21.2,29.3,3.7,0.0,294.0,6.4,NULL,1009.6,NULL
New York City,2022-09-01,24.5,19.9,30.2,0.2,0.0,282.0,10.0,NULL,1014.1,NULL
New York City,2022-09-02,20.7,16.1,24.8,0.0,0.0,107.0,13.1,NULL,1023.8,NULL
New York City,2022-09-03,22.3,18.3,25.9,0.2,0.0,122.0,9.1,NULL,1024.5,NULL
New York City,2022-09-04,24.6,20.6,28.9,0.0,0.0,236.0,9.2,NULL,1020.0,NULL
New York City,2022-09-05,24.0,21.6,27.5,2.8,0.0,262.0,7.9,NULL,1018.7,NULL
New York City,2022-09-06,22.2,20.3,23.7,15.4,0.0,47.0,9.2,NULL,1016.3,NULL
New York City,2022-09-07,20.8,19.1,23.0,0.4,0.0,42.0,17.9,NULL,1015.6,NULL
New York City,2022-09-08,20.8,18.0,24.3,0.2,0.0,51.0,11.2,NULL,1013.6,NULL
New York City,2022-09-09,20.5,16.6,25.3,1.4,0.0,52.0,12.3,NULL,1018.2,NULL
New York City,2022-09-10,21.4,16.0,26.8,0.2,0.0,253.0,7.7,NULL,1023.4,NULL
New York City,2022-09-11,20.8,18.9,23.2,11.1,0.0,278.0,8.5,NULL,1020.1,NULL
New York City,2022-09-12,23.3,20.9,27.3,2.5,0.0,240.0,7.5,NULL,1011.2,NULL
New York City,2022-09-13,22.8,20.2,25.9,9.8,0.0,283.0,9.7,NULL,1008.1,NULL
New York City,2022-09-14,20.9,16.2,27.0,0.4,0.0,285.0,9.4,NULL,1014.4,NULL
New York City,2022-09-15,19.1,16.4,21.9,7.1,0.0,338.0,6.8,NULL,1020.7,NULL
New York City,2022-09-16,17.9,12.5,24.3,0.2,0.0,307.0,8.1,NULL,1022.3,NULL
New York City,2022-09-17,19.9,17.2,22.0,0.5,0.0,110.0,12.0,NULL,1024.0,NULL
New York City,2022-09-18,22.7,17.7,28.8,0.0,0.0,253.0,16.7,NULL,1018.2,NULL
New York City,2022-09-19,23.3,19.3,29.6,2.5,0.0,242.0,11.6,NULL,1013.1,NULL
New York City,2022-09-20,21.8,18.3,25.4,0.0,0.0,291.0,8.2,NULL,1012.5,NULL
New York City,2022-09-21,20.6,16.5,25.8,0.0,0.0,238.0,8.8,NULL,1013.4,NULL
New York City,2022-09-22,19.9,14.8,24.7,11.5,0.0,271.0,10.1,NULL,1005.0,NULL
New York City,2022-09-23,13.5,10.7,17.0,0.0,0.0,342.0,5.7,NULL,1013.6,NULL
New York City,2022-09-24,14.6,10.1,20.4,0.2,0.0,285.0,10.3,NULL,1015.5,NULL
New York City,2022-09-25,18.1,12.6,24.1,2.3,0.0,237.0,11.2,NULL,1007.6,NULL
